"","gameId","quarter","down","yardsToGo","yardlineNumber","absoluteYardlineNumber","offenseFormation","receiverAlignment","gameClock_mod","timeCategory","estadio","nflId_34452","nflId_41290","nflId_42400","nflId_43399","nflId_44881","nflId_46158","nflId_46180","nflId_46376","nflId_47853","nflId_47952","nflId_53678","nflId_52544","nflId_52460","nflId_53486","nflId_46830","nflId_52658","nflId_53868","nflId_47880","nflId_48766","nflId_46338","nflId_42837","nflId_54748","nflId_55145","nflId_40089","nflId_52465","nflId_36785","nflId_48786","diferencia","yardlineSide_mod","isDropback"
"1",2022101608,2,1,5,5,105,"SINGLEBACK","2x2",3.65,"9-12 min","local",1,1,1,1,1,0,0,0,1,0,1,0,0,0,0,0,1,1,0,1,0,0,0,1,0,0,0,-3,"rival",TRUE
"2",2022092510,3,1,10,39,71,"I_FORM","2x1",2.9,"12-15 min","visitante",1,1,1,1,1,1,0,1,0,1,1,0,1,0,0,0,1,0,0,0,0,0,0,0,0,0,0,4,"rival",FALSE
"3",2022100912,4,2,3,47,57,"SHOTGUN","2x2",2.01666666666667,"12-15 min","local",1,1,1,1,1,1,0,0,1,0,1,0,0,0,0,0,1,1,0,1,0,0,0,0,0,0,0,-12,"rival",TRUE
"4",2022090800,2,1,7,7,17,"SINGLEBACK","3x1",3.7,"9-12 min","local",1,1,1,1,1,1,1,1,1,1,1,0,0,0,0,0,0,0,0,0,0,0,0,0,0,0,0,-10,"rival",FALSE
"5",2022091807,3,2,10,21,31,"SHOTGUN","3x1",3.16666666666667,"9-12 min","local",1,1,1,1,1,1,0,1,1,1,1,0,0,0,0,0,1,0,0,0,0,0,0,0,0,0,0,18,"LA",TRUE
"6",2022101608,2,1,10,40,50,"I_FORM","2x1",10.9,"3-6 min","local",1,1,1,0,1,0,0,0,1,0,1,0,0,0,0,0,1,1,1,1,0,0,0,1,0,0,0,-3,"LA",FALSE
"7",2022101608,2,1,10,25,35,"SHOTGUN","2x2",1.96666666666667,"12-15 min","local",1,1,1,1,1,0,0,0,0,0,1,0,0,0,0,0,1,1,0,1,1,0,0,1,0,0,0,-3,"LA",TRUE
"8",2022100300,2,2,3,42,68,"I_FORM","2x1",10.8833333333333,"3-6 min","visitante",1,1,1,1,1,1,0,0,0,0,1,0,1,0,0,0,1,1,0,1,0,0,0,0,0,0,0,-4,"LA",FALSE
"9",2022091807,1,1,10,33,77,"SHOTGUN","3x1",4.8,"9-12 min","local",1,1,1,1,1,1,0,1,0,1,0,0,1,0,1,0,1,0,0,0,0,0,0,0,0,0,0,0,"rival",FALSE
"10",2022101608,1,3,16,40,70,"EMPTY","3x2",5.18333333333333,"9-12 min","local",1,1,1,0,1,1,0,0,1,0,1,1,0,0,0,0,1,1,0,1,0,0,0,0,0,0,0,-3,"LA",TRUE
"11",2022101608,2,3,12,23,33,"SHOTGUN","3x1",1.13333333333333,"12-15 min","local",1,1,1,1,1,0,0,0,0,0,1,0,0,0,0,0,1,1,0,1,1,0,0,1,0,0,0,-3,"LA",FALSE
"12",2022092510,1,3,4,4,106,"EMPTY","3x2",9.9,"3-6 min","visitante",1,1,1,1,1,1,0,1,1,1,1,0,0,0,0,0,1,0,0,0,0,0,0,0,0,0,0,0,"rival",TRUE
"13",2022091807,3,1,10,40,70,"I_FORM","2x1",12.9166666666667,"0-3 min","local",1,1,1,1,1,1,0,1,0,1,1,0,1,0,0,0,1,0,0,0,0,0,0,0,0,0,0,18,"rival",TRUE
"14",2022100912,1,1,10,35,75,"SHOTGUN","2x2",7.11666666666667,"6-9 min","local",1,0,1,1,1,1,0,0,0,1,1,0,1,1,0,0,1,0,0,1,0,0,0,0,0,0,0,-9,"LA",TRUE
"15",2022100912,1,2,6,9,101,"SINGLEBACK","2x2",1.33333333333333,"12-15 min","local",1,0,1,1,1,1,0,0,0,1,1,0,1,1,0,0,1,0,0,1,0,0,0,0,0,0,0,-6,"LA",FALSE
"16",2022110609,2,1,10,32,42,"SINGLEBACK","2x2",13.4833333333333,"0-3 min","visitante",1,1,1,1,1,0,1,0,0,0,1,0,1,0,0,0,1,1,0,0,0,0,0,0,0,0,1,-3,"LA",FALSE
"17",2022090800,2,2,10,45,55,"SHOTGUN","2x2",1.8,"12-15 min","local",1,1,1,1,1,1,1,1,1,1,1,0,0,0,0,0,0,0,0,0,0,0,0,0,0,0,0,-3,"rival",TRUE
"18",2022110609,2,2,10,19,29,"SHOTGUN","3x1",11.1166666666667,"3-6 min","visitante",1,1,1,1,1,0,1,0,1,0,0,0,0,0,1,0,1,1,0,0,0,0,0,0,0,0,1,4,"LA",TRUE
"19",2022091807,1,1,9,9,101,"I_FORM","2x1",3.28333333333333,"9-12 min","local",1,1,1,1,1,1,0,1,0,1,1,0,1,0,0,0,1,0,0,0,0,0,0,0,0,0,0,0,"rival",FALSE
"20",2022100300,3,4,1,26,84,"SINGLEBACK","3x1",7.4,"6-9 min","visitante",1,1,1,1,1,1,0,0,0,0,1,0,1,0,0,0,1,1,0,1,0,0,0,0,0,0,0,-8,"rival",FALSE
"21",2022100912,1,2,10,46,56,"SHOTGUN","2x2",9.86666666666667,"3-6 min","local",1,1,1,1,1,1,0,0,1,1,1,0,0,0,0,0,1,0,0,1,0,0,0,0,0,0,0,-6,"rival",TRUE
"22",2022091807,3,1,10,50,60,"SHOTGUN","2x2",2.31666666666667,"12-15 min","local",1,1,1,1,1,1,0,1,1,1,1,0,0,0,0,0,1,0,0,0,0,0,0,0,0,0,0,18,"centro",TRUE
"23",2022092510,4,2,6,17,27,"SINGLEBACK","3x1",8.33333333333333,"6-9 min","visitante",1,1,1,1,1,1,0,1,0,1,1,0,1,0,0,0,1,0,0,0,0,0,0,0,0,0,0,11,"rival",TRUE
"24",2022101608,1,1,10,7,103,"SINGLEBACK","2x2",0.233333333333333,"12-15 min","local",1,1,1,1,1,1,0,0,0,0,0,0,0,1,0,0,1,1,0,1,0,0,1,0,0,0,0,-3,"LA",FALSE
"25",2022100300,1,1,10,31,79,"I_FORM","2x1",11.2833333333333,"3-6 min","visitante",1,1,1,1,1,1,0,1,0,0,1,0,1,0,0,0,1,1,0,0,0,0,0,0,0,0,0,0,"rival",TRUE
"26",2022091807,2,1,10,50,60,"SHOTGUN","2x1",14.1833333333333,"0-3 min","local",1,1,1,1,1,1,0,1,0,1,1,0,1,0,0,0,1,0,0,0,0,0,0,0,0,0,0,7,"centro",TRUE
"27",2022092510,3,3,15,20,30,"SHOTGUN","3x1",13.7666666666667,"0-3 min","visitante",1,1,1,1,1,1,0,1,1,1,1,0,0,0,0,0,1,0,0,0,0,0,0,0,0,0,0,7,"LA",TRUE
"28",2022090800,1,3,14,49,59,"EMPTY","3x2",5.88333333333333,"9-12 min","local",1,1,1,1,1,1,1,1,1,1,1,0,0,0,0,0,0,0,0,0,0,0,0,0,0,0,0,-7,"LA",TRUE
"29",2022091807,3,2,7,33,43,"SINGLEBACK","2x2",6.55,"6-9 min","local",1,0,1,1,1,1,0,1,1,1,1,0,0,1,0,0,1,0,0,0,0,0,0,0,0,0,0,25,"LA",TRUE
"30",2022091807,4,1,10,25,85,"I_FORM","2x1",8.23333333333333,"6-9 min","local",1,1,1,1,1,1,0,1,0,1,1,0,1,0,0,0,1,0,0,0,0,0,0,0,0,0,0,14,"LA",FALSE
"31",2022091807,2,1,3,3,13,"SHOTGUN","2x2",0.383333333333333,"12-15 min","local",1,1,1,1,1,1,0,1,1,1,1,0,0,0,0,0,1,0,0,0,0,0,0,0,0,0,0,11,"rival",TRUE
"32",2022092510,2,1,10,35,75,"EMPTY","3x2",12.3833333333333,"0-3 min","visitante",1,1,1,1,1,1,0,1,1,1,1,0,0,0,0,0,1,0,0,0,0,0,0,0,0,0,0,13,"LA",TRUE
"33",2022090800,1,2,6,43,67,"SHOTGUN","2x2",6.35,"6-9 min","local",1,1,1,1,1,1,1,1,1,1,1,0,0,0,0,0,0,0,0,0,0,0,0,0,0,0,0,-7,"rival",TRUE
"34",2022090800,2,1,10,29,39,"SHOTGUN","3x1",0.566666666666667,"12-15 min","local",1,1,1,1,1,1,1,1,1,1,1,0,0,0,0,0,0,0,0,0,0,0,0,0,0,0,0,-3,"rival",TRUE
"35",2022090800,2,1,10,40,70,"SINGLEBACK","3x1",8.8,"6-9 min","local",1,1,1,1,1,1,1,1,1,1,0,0,0,1,0,0,0,0,0,0,0,0,0,0,0,0,0,-10,"LA",FALSE
"36",2022101608,3,1,10,42,68,"SINGLEBACK","3x1",9.96666666666667,"3-6 min","local",1,1,1,1,1,0,0,0,1,0,0,0,0,0,1,0,1,1,0,1,0,0,0,1,0,0,0,-3,"LA",FALSE
"37",2022092510,4,1,10,21,31,"SINGLEBACK","3x1",9.03333333333333,"3-6 min","visitante",1,1,1,1,1,1,0,1,0,1,1,0,1,0,0,0,1,0,0,0,0,0,0,0,0,0,0,11,"rival",TRUE
"38",2022092510,3,1,20,15,25,"SHOTGUN","2x2",4.73333333333333,"9-12 min","visitante",1,1,1,1,1,1,0,1,0,1,1,0,1,0,0,0,1,0,0,0,0,0,0,0,0,0,0,4,"LA",FALSE
"39",2022100300,2,1,10,20,30,"SINGLEBACK","3x1",7.93333333333333,"6-9 min","visitante",1,1,1,1,1,1,0,0,0,0,0,0,1,0,1,0,1,1,0,1,0,0,0,0,0,0,0,-4,"rival",FALSE
"40",2022101608,1,2,18,38,72,"EMPTY","3x2",5.93333333333333,"9-12 min","local",1,1,1,1,1,1,0,0,1,0,0,0,0,0,1,0,1,1,0,1,0,0,0,0,0,0,0,-3,"LA",TRUE
"41",2022110609,1,2,9,10,100,"SHOTGUN","2x2",1.3,"12-15 min","visitante",1,1,1,1,1,0,1,0,0,0,1,0,1,0,0,0,0,1,0,0,0,0,0,0,0,1,1,-3,"LA",TRUE
"42",2022101608,3,1,10,10,100,"SINGLEBACK","2x2",11.3833333333333,"3-6 min","local",1,1,1,1,1,0,0,0,1,0,1,0,0,0,0,0,1,1,0,1,0,0,0,1,0,0,0,-3,"LA",TRUE
"43",2022110609,3,3,8,46,56,"EMPTY","4x1",12.1166666666667,"0-3 min","visitante",1,1,1,0,1,0,1,0,0,0,0,1,0,0,0,0,1,1,0,0,1,0,0,0,1,0,1,1,"LA",TRUE
"44",2022091807,1,1,10,44,66,"I_FORM","2x1",6.06666666666667,"6-9 min","local",1,1,1,1,1,1,0,1,1,1,1,0,0,0,0,0,1,0,0,0,0,0,0,0,0,0,0,0,"rival",TRUE
"45",2022100300,2,1,10,49,61,"SINGLEBACK","3x1",9.95,"3-6 min","visitante",1,1,1,1,1,1,0,0,0,0,0,0,1,0,0,0,1,1,1,1,0,0,0,0,0,0,0,-4,"LA",FALSE
"46",2022091807,4,3,1,1,11,"SHOTGUN","3x1",12.35,"0-3 min","local",1,1,1,1,1,1,0,1,1,1,1,0,0,0,0,0,1,0,0,0,0,0,0,0,0,0,0,18,"rival",TRUE
"47",2022100912,1,2,9,39,71,"SHOTGUN","2x1",11.35,"3-6 min","local",1,1,1,1,1,1,0,0,1,1,1,0,0,0,0,0,1,0,0,1,0,0,0,0,0,0,0,-6,"LA",TRUE
"48",2022101608,2,3,13,37,47,"SHOTGUN","3x1",9.08333333333333,"3-6 min","local",1,1,1,0,1,0,0,0,1,0,1,1,0,0,0,0,1,1,0,1,0,0,0,1,0,0,0,-3,"LA",TRUE
"49",2022103010,2,2,3,32,78,"EMPTY","3x2",11.4833333333333,"3-6 min","local",1,1,1,1,1,0,1,0,1,0,0,0,0,0,0,0,1,1,0,0,0,0,0,1,1,0,0,0,"LA",TRUE
"50",2022090800,4,3,3,39,71,"EMPTY","3x2",11.6333333333333,"3-6 min","local",1,1,1,1,1,1,1,1,0,1,1,0,1,0,0,0,0,0,0,0,0,0,0,0,0,0,0,-14,"LA",TRUE
"51",2022090800,4,2,6,40,50,"SHOTGUN","2x2",2.31666666666667,"12-15 min","local",1,0,1,0,1,1,1,1,0,1,1,1,1,1,0,0,0,0,0,0,0,0,0,0,0,0,0,-21,"rival",TRUE
"52",2022090800,3,3,4,17,27,"EMPTY","3x2",13.7666666666667,"0-3 min","local",1,1,1,1,1,1,1,1,1,1,1,0,0,0,0,0,0,0,0,0,0,0,0,0,0,0,0,0,"LA",TRUE
"53",2022092510,1,1,10,48,58,"I_FORM","2x1",0.75,"12-15 min","visitante",1,0,1,0,1,1,0,1,1,1,1,0,0,1,0,0,1,0,1,0,0,0,0,0,0,0,0,10,"LA",TRUE
"54",2022101608,3,2,3,32,78,"SINGLEBACK","2x2",14.3166666666667,"0-3 min","local",1,1,1,1,1,0,0,0,0,0,1,0,0,0,0,0,1,1,0,1,1,0,0,1,0,0,0,-3,"LA",FALSE
"55",2022090800,4,4,14,16,26,"SHOTGUN","2x2",0.783333333333333,"12-15 min","local",1,1,1,1,1,1,1,1,1,1,1,0,0,0,0,0,0,0,0,0,0,0,0,0,0,0,0,-21,"rival",TRUE
"56",2022100912,3,1,10,25,35,"SINGLEBACK","3x1",8.18333333333333,"6-9 min","local",1,1,1,1,1,1,0,0,0,1,1,0,1,0,0,0,1,0,0,1,0,0,0,0,0,0,0,-9,"LA",TRUE
"57",2022100912,4,1,10,22,32,"EMPTY","3x2",4.55,"9-12 min","local",1,1,1,1,0,1,0,0,1,0,1,0,0,0,1,0,1,1,0,1,0,0,0,0,0,0,0,-12,"rival",TRUE
"58",2022103010,4,2,5,26,84,"SHOTGUN","2x2",6.26666666666667,"6-9 min","local",1,1,1,1,1,0,1,0,1,0,1,0,0,0,0,0,1,1,0,0,0,0,0,1,0,0,0,-17,"LA",TRUE
"59",2022090800,2,3,14,40,50,"EMPTY","3x2",5.7,"9-12 min","local",1,1,1,1,1,1,1,1,1,1,0,0,0,1,0,0,0,0,0,0,0,0,0,0,0,0,0,-10,"rival",TRUE
"60",2022100300,1,1,10,25,35,"SINGLEBACK","3x1",2.76666666666667,"12-15 min","visitante",1,1,1,1,1,1,0,1,0,0,1,0,1,0,0,0,1,1,0,0,0,0,0,0,0,0,0,-4,"LA",FALSE
"61",2022092510,1,1,4,4,106,"SHOTGUN","3x1",10.3333333333333,"3-6 min","visitante",1,1,1,1,1,1,0,1,1,1,0,0,0,0,1,0,1,0,0,0,0,0,0,0,0,0,0,0,"rival",TRUE
"62",2022100912,4,1,10,44,66,"SHOTGUN","3x1",4.68333333333333,"9-12 min","local",1,1,1,1,1,1,0,0,1,0,1,0,0,0,0,0,1,1,0,1,0,0,0,0,0,0,0,-12,"LA",TRUE
"63",2022101608,3,1,10,25,85,"SINGLEBACK","3x1",15,"0-3 min","local",1,1,1,1,1,0,0,0,0,0,1,0,0,0,0,0,1,1,0,1,1,0,0,1,0,0,0,-3,"LA",TRUE
"64",2022100300,4,2,12,19,91,"SHOTGUN","3x1",14.1,"0-3 min","visitante",1,1,1,1,1,1,0,0,1,0,0,0,0,0,1,0,1,1,0,1,0,0,0,0,0,0,0,-8,"LA",TRUE
"65",2022103010,4,1,10,21,89,"SINGLEBACK","3x1",10.8166666666667,"3-6 min","local",1,1,1,1,1,0,1,0,1,0,0,0,0,0,0,0,1,1,0,0,0,0,0,1,1,0,0,-10,"LA",TRUE
"66",2022103010,4,2,5,30,80,"SINGLEBACK","3x1",11.4666666666667,"3-6 min","local",1,1,1,1,1,0,1,0,1,0,0,0,0,0,0,0,1,1,0,0,0,0,0,1,1,0,0,-10,"LA",TRUE
"67",2022103010,4,3,3,28,82,"SHOTGUN","3x1",10,"3-6 min","local",1,1,1,1,1,0,1,0,1,0,0,0,0,0,1,0,1,1,0,0,0,0,0,1,0,0,0,-10,"LA",TRUE
"68",2022100300,2,1,10,21,89,"SHOTGUN","2x2",2.68333333333333,"12-15 min","visitante",1,1,1,1,1,1,0,0,1,0,1,0,0,0,0,0,1,1,0,1,0,0,0,0,0,0,0,-8,"LA",TRUE
"69",2022110609,3,1,10,47,63,"SINGLEBACK","3x1",3.93333333333333,"9-12 min","visitante",1,1,1,1,1,0,1,0,1,0,1,0,0,0,0,0,1,1,0,0,0,0,0,0,0,0,1,4,"rival",FALSE
"70",2022101608,3,1,10,38,48,"SHOTGUN","2x2",8.13333333333333,"6-9 min","local",1,1,1,1,1,0,0,0,1,0,1,0,0,0,0,0,1,1,0,1,0,0,0,1,0,0,0,-3,"rival",TRUE
"71",2022100912,3,3,11,47,63,"EMPTY","3x2",3.48333333333333,"9-12 min","local",1,1,1,0,1,1,0,0,1,1,1,0,0,0,0,0,1,0,1,1,0,0,0,0,0,0,0,-9,"rival",TRUE
"72",2022110609,1,1,10,36,74,"SHOTGUN","2x2",5.56666666666667,"9-12 min","visitante",1,1,1,0,1,0,1,0,0,0,0,1,0,0,0,0,1,1,0,0,1,0,0,0,1,0,1,-3,"LA",TRUE
"73",2022110609,3,1,10,34,76,"SINGLEBACK","3x1",10.7,"3-6 min","visitante",1,1,1,1,1,0,1,0,1,0,1,0,0,0,0,0,1,1,0,0,0,0,0,0,0,0,1,1,"rival",FALSE
"74",2022103010,3,1,10,10,20,"SINGLEBACK","2x2",12.7666666666667,"0-3 min","local",1,1,1,1,0,0,1,0,0,0,1,0,0,0,0,0,1,1,0,0,0,0,1,1,0,0,0,4,"LA",FALSE
"75",2022100300,3,3,7,7,103,"SHOTGUN","3x1",4.55,"9-12 min","visitante",1,1,1,1,1,1,0,0,1,0,1,0,0,0,0,0,1,1,0,1,0,0,0,0,0,0,0,-8,"rival",TRUE
"76",2022091807,2,2,4,27,37,"SINGLEBACK","3x1",12.2833333333333,"0-3 min","local",1,1,1,1,1,1,0,1,0,1,1,0,1,0,0,0,1,0,0,0,0,0,0,0,0,0,0,7,"rival",FALSE
"77",2022091807,1,1,10,34,44,"I_FORM","2x1",6.9,"6-9 min","local",1,1,1,1,1,1,0,1,1,1,1,0,0,0,0,1,0,0,0,0,0,0,0,0,0,0,0,0,"LA",FALSE
"78",2022092510,4,3,1,35,75,"SINGLEBACK","2x2",10.0333333333333,"3-6 min","visitante",1,1,1,1,1,1,0,1,0,1,1,0,1,0,0,0,1,0,0,0,0,0,0,0,0,0,0,11,"LA",TRUE
"79",2022103010,3,3,7,28,38,"SHOTGUN","3x1",1.08333333333333,"12-15 min","local",1,1,1,0,1,0,1,0,1,0,1,0,0,0,0,0,1,1,0,0,0,0,0,1,1,0,0,-3,"LA",TRUE
"80",2022101608,4,2,3,46,56,"EMPTY","3x2",13.0166666666667,"0-3 min","local",1,1,1,1,1,0,0,0,1,0,1,0,0,0,0,0,1,1,0,1,0,0,0,1,0,0,0,7,"LA",TRUE
"81",2022103010,1,1,10,44,66,"SHOTGUN","3x1",5.91666666666667,"9-12 min","local",1,1,1,0,1,0,1,0,0,0,0,1,0,0,0,0,1,1,0,0,0,0,1,1,1,0,0,0,"rival",FALSE
"82",2022090800,3,1,10,42,68,"SINGLEBACK","3x1",6.3,"6-9 min","local",1,1,1,1,1,1,1,1,1,1,1,0,0,0,0,0,0,0,0,0,0,0,0,0,0,0,0,-7,"rival",FALSE
"83",2022092510,3,2,11,24,34,"SHOTGUN","3x1",4.36666666666667,"9-12 min","visitante",1,1,1,1,1,1,0,1,0,1,1,0,1,0,0,0,1,0,0,0,0,0,0,0,0,0,0,4,"LA",TRUE
"84",2022091807,2,2,7,28,82,"SHOTGUN","2x1",2,"12-15 min","local",1,1,1,1,1,1,0,1,1,1,1,0,0,0,0,0,1,0,0,0,0,0,0,0,0,0,0,11,"LA",TRUE
"85",2022110609,3,2,10,11,21,"SHOTGUN","2x2",6.88333333333333,"6-9 min","visitante",1,1,1,1,1,0,1,0,1,0,1,0,0,0,0,0,1,1,0,0,0,0,0,0,0,0,1,4,"LA",TRUE
"86",2022110609,2,2,10,40,50,"SHOTGUN","3x1",2.83333333333333,"12-15 min","visitante",1,1,1,1,1,0,1,0,0,0,1,0,0,0,1,0,1,1,0,0,0,0,0,0,0,0,1,4,"LA",TRUE
"87",2022110609,1,1,10,9,101,"SINGLEBACK","2x2",2,"12-15 min","visitante",1,1,1,1,1,0,1,0,0,0,1,0,1,0,0,0,0,1,0,0,0,0,0,0,0,1,1,-3,"LA",FALSE
"88",2022090800,4,3,6,40,50,"SHOTGUN","3x1",2.26666666666667,"12-15 min","local",1,1,1,0,1,1,1,1,1,1,0,1,0,0,1,0,0,0,0,0,0,0,0,0,0,0,0,-21,"rival",TRUE
"89",2022092510,3,2,4,14,96,"I_FORM","2x1",1.11666666666667,"12-15 min","visitante",1,1,0,1,1,1,0,1,0,1,1,0,1,0,0,0,1,1,0,0,0,0,0,0,0,0,0,4,"rival",FALSE
"90",2022103010,4,3,5,30,80,"EMPTY","3x2",11.3833333333333,"3-6 min","local",1,1,1,0,1,0,1,0,1,0,1,0,0,0,0,0,1,1,0,0,0,0,0,1,1,0,0,-10,"LA",TRUE
"91",2022110609,4,3,5,12,98,"SINGLEBACK","3x1",1.65,"12-15 min","visitante",1,1,1,0,1,0,1,0,1,0,1,1,0,0,0,0,1,1,0,0,0,0,0,0,0,0,1,4,"LA",FALSE
"92",2022101608,2,1,10,20,30,"SHOTGUN","3x1",2.58333333333333,"12-15 min","local",1,0,1,1,1,0,0,0,1,0,1,0,0,0,1,0,1,1,0,1,0,0,0,1,0,0,0,4,"LA",FALSE
"93",2022091807,3,2,7,47,63,"SHOTGUN","2x2",1.26666666666667,"12-15 min","local",1,1,1,1,1,1,0,1,1,1,1,0,0,0,0,0,1,0,0,0,0,0,0,0,0,0,0,18,"rival",TRUE
"94",2022100912,2,1,10,25,35,"SINGLEBACK","3x1",7.98333333333333,"6-9 min","local",1,1,1,1,1,1,0,0,0,1,1,0,1,0,0,0,1,0,0,1,0,0,0,0,0,0,0,-6,"LA",FALSE
"95",2022103010,3,2,10,38,48,"SINGLEBACK","2x2",9.75,"3-6 min","local",1,1,1,1,1,0,1,0,1,0,0,0,0,0,1,0,1,1,0,0,0,0,0,1,0,0,0,4,"LA",FALSE
"96",2022090800,1,3,8,19,29,"SHOTGUN","3x1",8.41666666666667,"6-9 min","local",1,1,1,1,1,1,1,1,1,1,1,0,0,0,0,0,0,0,0,0,0,0,0,0,0,0,0,-7,"LA",TRUE
"97",2022103010,1,3,1,1,109,"SINGLEBACK","3x1",0.266666666666667,"12-15 min","local",1,1,1,0,1,0,1,0,0,0,1,1,0,0,0,0,1,1,0,0,0,0,1,1,0,0,0,0,"rival",TRUE
"98",2022092510,3,1,10,20,90,"SINGLEBACK","3x1",1.85,"12-15 min","visitante",1,1,0,1,1,1,0,1,0,1,1,0,1,0,0,0,1,1,0,0,0,0,0,0,0,0,0,4,"rival",FALSE
"99",2022100300,2,3,11,11,21,"SHOTGUN","3x1",6.5,"6-9 min","visitante",1,1,1,1,1,1,0,0,1,0,1,0,0,0,0,0,1,1,0,1,0,0,0,0,0,0,0,-4,"rival",TRUE
"100",2022092510,2,2,2,43,67,"I_FORM","2x1",11.7,"3-6 min","visitante",1,0,1,1,1,1,0,1,1,1,1,0,0,1,0,0,1,0,0,0,0,0,0,0,0,0,0,13,"LA",TRUE
"101",2022103010,4,1,10,21,89,"SINGLEBACK","3x1",1.03333333333333,"12-15 min","local",1,1,1,1,0,0,1,0,0,0,1,0,0,0,0,0,1,1,0,0,1,0,0,1,1,0,0,-17,"LA",FALSE
"102",2022100300,2,2,10,21,89,"SHOTGUN","2x2",2.6,"12-15 min","visitante",1,1,1,1,1,1,0,0,1,0,1,0,0,0,0,0,1,1,0,1,0,0,0,0,0,0,0,-8,"LA",FALSE
"103",2022101608,1,1,10,35,75,"SINGLEBACK","3x1",8.53333333333333,"6-9 min","local",1,1,1,1,1,1,0,0,1,0,0,0,0,0,1,0,1,1,0,1,0,0,0,0,0,0,0,-3,"LA",FALSE
"104",2022110609,3,3,7,8,102,"SHOTGUN","2x1",9.36666666666667,"3-6 min","visitante",1,1,1,1,1,0,1,0,0,0,0,0,0,0,1,0,1,1,0,0,1,0,0,0,0,0,1,1,"rival",TRUE
"105",2022101608,3,2,7,7,17,"EMPTY","3x2",5.51666666666667,"9-12 min","local",1,1,1,1,1,0,0,0,1,0,0,0,0,0,1,0,1,1,0,1,0,0,0,1,0,0,0,-3,"rival",TRUE
"106",2022090800,4,1,10,45,65,"SHOTGUN","2x2",3.28333333333333,"9-12 min","local",1,1,1,1,1,1,1,1,1,1,1,0,0,0,0,0,0,0,0,0,0,0,0,0,0,0,0,-21,"LA",TRUE
"107",2022090800,4,2,10,32,78,"SHOTGUN","2x2",12.4166666666667,"0-3 min","local",1,1,1,1,1,1,1,1,0,1,1,0,1,0,0,0,0,0,0,0,0,0,0,0,0,0,0,-14,"LA",TRUE
"108",2022090800,2,2,4,30,40,"EMPTY","3x2",6.2,"6-9 min","local",1,1,1,1,1,1,1,1,1,1,0,0,0,1,0,0,0,0,0,0,0,0,0,0,0,0,0,-10,"rival",TRUE
"109",2022103010,3,2,5,15,25,"SINGLEBACK","3x1",12.0333333333333,"0-3 min","local",1,1,1,1,1,0,1,0,0,0,1,0,0,0,0,0,1,1,0,0,0,0,1,1,0,0,0,4,"LA",FALSE
"110",2022100912,3,3,5,30,40,"EMPTY","3x2",6.78333333333333,"6-9 min","local",1,1,1,1,1,1,0,0,1,1,1,0,0,0,0,0,1,0,0,1,0,0,0,0,0,0,0,-9,"LA",TRUE
"111",2022100300,2,3,9,21,89,"EMPTY","3x2",12.0833333333333,"0-3 min","visitante",1,1,1,1,1,1,0,0,1,0,1,0,0,0,0,0,1,1,0,1,0,0,0,0,0,0,0,-4,"LA",TRUE
"112",2022100300,1,3,8,27,37,"SHOTGUN","3x1",2.35,"12-15 min","visitante",1,1,1,1,1,1,0,1,1,0,1,0,0,0,0,0,1,1,0,0,0,0,0,0,0,0,0,-4,"LA",TRUE
"114",2022100912,2,1,10,20,30,"SINGLEBACK","2x2",3.35,"9-12 min","local",1,1,1,1,1,1,0,0,1,1,0,0,0,1,0,0,1,0,0,1,0,0,0,0,0,0,0,-6,"LA",TRUE
"115",2022091807,3,3,4,10,100,"SHOTGUN","2x1",9.46666666666667,"3-6 min","local",1,1,1,1,1,1,0,1,1,1,1,0,0,0,0,0,1,0,0,0,0,0,0,0,0,0,0,18,"rival",TRUE
"116",2022110609,3,2,10,10,100,"SHOTGUN","2x1",1.6,"12-15 min","visitante",1,1,1,1,1,0,1,0,1,0,0,0,0,0,1,0,1,1,0,0,0,0,0,0,0,0,1,4,"rival",TRUE
"117",2022100300,3,1,10,50,60,"SINGLEBACK","2x2",10,"3-6 min","visitante",1,1,1,1,1,1,0,0,1,0,1,0,0,0,0,0,1,1,0,1,0,0,0,0,0,0,0,-8,"centro",FALSE
"118",2022101608,4,2,10,20,90,"SINGLEBACK","3x1",9.43333333333333,"3-6 min","local",1,1,1,1,1,0,0,0,0,0,0,0,0,0,1,0,1,1,0,1,1,0,0,1,0,0,0,7,"rival",TRUE
"119",2022090800,2,2,6,44,66,"SINGLEBACK","3x1",8.15,"6-9 min","local",1,1,1,1,1,1,1,1,1,1,0,0,0,1,0,0,0,0,0,0,0,0,0,0,0,0,0,-10,"LA",TRUE
"120",2022090800,2,3,4,30,80,"EMPTY","3x2",15,"0-3 min","local",1,1,1,0,1,1,1,1,1,1,1,1,0,0,0,0,0,0,0,0,0,0,0,0,0,0,0,-7,"LA",TRUE
"121",2022101608,4,1,10,14,24,"SINGLEBACK","2x2",6.06666666666667,"6-9 min","local",1,1,1,0,1,0,0,0,1,0,1,0,0,0,0,0,1,1,1,1,0,0,0,1,0,0,0,14,"LA",FALSE
"122",2022103010,2,1,10,26,36,"SINGLEBACK","2x2",8.71666666666667,"6-9 min","local",1,1,1,1,1,0,1,0,1,0,0,0,0,0,0,0,1,1,0,0,0,0,0,1,1,0,0,0,"rival",TRUE
"123",2022091807,1,2,2,36,74,"I_FORM","2x1",5.46666666666667,"9-12 min","local",1,1,1,1,1,1,0,1,1,1,1,0,0,0,0,0,1,0,0,0,0,0,0,0,0,0,0,0,"rival",FALSE
"125",2022103010,2,2,3,49,59,"SINGLEBACK","2x2",9.5,"3-6 min","local",1,0,1,1,1,0,1,0,1,0,1,0,0,0,0,0,1,1,0,0,0,0,0,1,1,0,0,0,"rival",TRUE
"126",2022092510,1,2,10,31,79,"SHOTGUN","2x1",5.56666666666667,"9-12 min","visitante",1,1,1,1,1,1,0,1,1,1,0,0,0,0,1,0,1,0,0,0,0,0,0,0,0,0,0,3,"rival",FALSE
"127",2022100300,3,2,6,22,32,"SHOTGUN","2x2",11.4833333333333,"3-6 min","visitante",1,1,1,1,1,1,0,0,1,0,1,0,0,0,0,0,1,1,0,1,0,0,0,0,0,0,0,-8,"LA",TRUE
"128",2022110609,2,3,10,40,50,"SHOTGUN","3x1",2.8,"12-15 min","visitante",1,1,1,0,1,0,1,0,0,0,0,1,0,0,0,0,1,1,0,0,1,0,0,0,1,0,1,4,"LA",FALSE
"129",2022103010,4,3,4,15,95,"SHOTGUN","3x1",1.3,"12-15 min","local",1,1,1,1,1,0,1,0,0,0,1,0,0,0,0,0,1,1,0,0,1,0,0,1,0,0,0,-17,"LA",TRUE
"130",2022101608,4,1,10,33,77,"SINGLEBACK","2x2",10.2833333333333,"3-6 min","local",1,1,1,1,1,0,0,0,0,0,1,0,0,0,0,0,1,1,0,1,1,0,0,1,0,0,0,7,"rival",TRUE
"131",2022103010,4,2,10,21,89,"SHOTGUN","3x1",10.7333333333333,"3-6 min","local",1,1,1,1,1,0,1,0,1,0,0,0,0,0,0,0,1,1,0,0,0,0,0,1,1,0,0,-10,"LA",TRUE
"132",2022110609,2,2,5,25,35,"SINGLEBACK","2x2",15,"0-3 min","visitante",1,1,1,1,1,0,1,0,0,0,1,0,1,0,0,0,1,1,0,0,0,0,0,0,0,0,1,-3,"LA",FALSE
"133",2022100912,3,2,10,46,64,"SHOTGUN","2x2",3.96666666666667,"9-12 min","local",1,1,1,0,1,1,0,0,1,1,1,0,0,0,0,0,1,0,1,1,0,0,0,0,0,0,0,-9,"rival",TRUE
"134",2022100912,4,2,6,29,81,"SHOTGUN","2x2",5.16666666666667,"9-12 min","local",1,1,1,1,1,1,0,0,1,0,1,0,0,0,0,0,1,1,0,1,0,0,0,0,0,0,0,-12,"LA",TRUE
"135",2022101608,4,1,10,20,30,"SINGLEBACK","2x2",2.33333333333333,"12-15 min","local",1,1,1,1,1,0,0,0,0,0,0,0,0,0,0,0,1,1,1,1,1,0,0,1,0,0,0,14,"LA",FALSE
"136",2022100300,1,3,1,45,55,"SHOTGUN","2x2",13.1333333333333,"0-3 min","visitante",1,1,1,1,1,1,0,1,0,0,1,0,1,0,0,0,1,1,0,0,0,0,0,0,0,0,0,0,"LA",TRUE
"137",2022100912,2,2,4,44,66,"SHOTGUN","2x2",0.616666666666667,"12-15 min","local",1,1,1,1,1,1,0,0,0,1,0,0,0,0,1,0,1,0,0,1,1,0,0,0,0,0,0,-6,"rival",TRUE
"138",2022091807,3,1,10,40,70,"I_FORM","2x1",0.583333333333333,"12-15 min","local",1,1,1,1,1,1,0,1,1,1,1,0,0,0,0,0,1,0,0,0,0,0,0,0,0,0,0,18,"rival",FALSE
"139",2022101608,2,2,7,12,98,"SHOTGUN","2x1",4.41666666666667,"9-12 min","local",1,1,1,1,1,0,0,0,1,0,0,0,0,0,1,0,1,1,0,1,0,0,0,1,0,0,0,-3,"rival",TRUE
"140",2022100912,3,3,2,48,58,"EMPTY","3x2",4.65,"9-12 min","local",1,1,1,1,1,1,0,0,1,1,1,0,0,0,0,0,1,0,0,1,0,0,0,0,0,0,0,-9,"LA",TRUE
"141",2022090800,4,3,10,24,86,"SHOTGUN","3x1",8.83333333333333,"6-9 min","local",1,1,1,1,1,1,1,1,1,1,1,0,0,0,0,0,0,0,0,0,0,0,0,0,0,0,0,-21,"LA",TRUE
"142",2022100300,1,3,19,28,82,"SHOTGUN","3x1",7.6,"6-9 min","visitante",1,1,1,1,1,1,0,1,1,0,1,0,0,0,0,0,1,1,0,0,0,0,0,0,0,0,0,0,"rival",FALSE
"143",2022100300,3,1,10,18,92,"SINGLEBACK","2x2",6.15,"6-9 min","visitante",1,1,1,1,1,1,0,0,0,0,0,0,1,0,1,0,1,1,0,1,0,0,0,0,0,0,0,-8,"rival",FALSE
"144",2022100912,1,2,7,28,82,"SHOTGUN","2x2",14.3166666666667,"0-3 min","local",1,1,1,1,1,1,0,0,1,1,1,0,0,0,0,0,1,0,0,1,0,0,0,0,0,0,0,0,"LA",TRUE
"145",2022100912,4,2,20,39,49,"SHOTGUN","2x1",15,"0-3 min","local",1,1,1,1,1,1,0,0,1,1,1,0,0,0,0,0,1,0,0,1,0,0,0,0,0,0,0,-9,"rival",TRUE
"146",2022090800,4,1,10,43,67,"SHOTGUN","2x2",11.1666666666667,"3-6 min","local",1,1,1,1,1,1,1,1,0,1,1,0,1,0,0,0,0,0,0,0,0,0,0,0,0,0,0,-14,"LA",TRUE
"147",2022090800,1,1,10,17,27,"SINGLEBACK","2x2",9.86666666666667,"3-6 min","local",1,1,1,1,1,1,1,1,1,1,1,0,0,0,0,0,0,0,0,0,0,0,0,0,0,0,0,-7,"LA",FALSE
"148",2022090800,2,1,10,36,46,"SINGLEBACK","2x2",6.81666666666667,"6-9 min","local",1,1,1,1,1,1,1,1,1,1,0,0,0,1,0,0,0,0,0,0,0,0,0,0,0,0,0,-10,"rival",TRUE
"149",2022100300,4,1,10,21,89,"SHOTGUN","2x2",14.7833333333333,"0-3 min","visitante",1,1,1,1,1,1,0,0,0,0,1,0,1,0,0,0,1,1,0,1,0,0,0,0,0,0,0,-8,"LA",FALSE
"150",2022103010,1,2,4,38,48,"I_FORM","2x1",8.08333333333333,"6-9 min","local",1,1,1,1,1,0,1,0,0,0,1,0,0,0,0,0,1,1,0,0,0,0,1,1,0,0,0,0,"LA",TRUE
"151",2022100300,1,1,10,45,65,"I_FORM","2x1",12.3666666666667,"0-3 min","visitante",1,1,1,1,1,1,0,1,0,0,1,0,1,0,0,0,1,1,0,0,0,0,0,0,0,0,0,0,"rival",TRUE
"152",2022100300,2,1,10,38,48,"SINGLEBACK","3x1",8.53333333333333,"6-9 min","visitante",1,1,1,1,1,1,0,0,0,0,0,0,1,0,0,0,1,1,1,1,0,0,0,0,0,0,0,-4,"rival",TRUE
"153",2022101608,3,1,10,41,69,"SINGLEBACK","2x2",1.75,"12-15 min","local",1,1,1,1,1,0,0,0,1,0,1,0,0,0,0,0,1,1,0,1,0,0,0,1,0,0,0,0,"LA",TRUE
"154",2022100300,2,2,2,41,69,"EMPTY","4x1",1.28333333333333,"12-15 min","visitante",1,1,1,1,1,1,0,0,1,0,1,0,0,0,0,0,1,1,0,1,0,0,0,0,0,0,0,-8,"LA",TRUE
"156",2022100300,2,1,10,33,77,"SHOTGUN","2x2",1.68333333333333,"12-15 min","visitante",1,1,1,1,1,1,0,0,1,0,1,0,0,0,0,0,1,1,0,1,0,0,0,0,0,0,0,-8,"LA",TRUE
"157",2022092510,1,1,10,31,79,"I_FORM","2x1",6.38333333333333,"6-9 min","visitante",1,1,1,1,1,1,0,1,0,1,1,0,1,0,0,0,1,0,0,0,0,0,0,0,0,0,0,3,"rival",FALSE
"158",2022090800,4,2,1,27,83,"SHOTGUN","2x2",4.95,"9-12 min","local",1,1,1,1,1,1,1,1,1,1,1,0,0,0,0,0,0,0,0,0,0,0,0,0,0,0,0,-21,"LA",FALSE
"159",2022100300,3,2,13,21,89,"SHOTGUN","3x1",5.4,"9-12 min","visitante",1,1,1,1,1,1,0,0,0,0,1,0,1,0,0,0,1,1,0,1,0,0,0,0,0,0,0,-8,"rival",TRUE
"160",2022100912,1,1,10,38,72,"SHOTGUN","2x1",12.1166666666667,"0-3 min","local",1,1,1,1,1,1,0,0,0,1,0,0,1,0,1,0,1,0,0,1,0,0,0,0,0,0,0,-6,"LA",FALSE
"161",2022110609,3,3,19,19,91,"SHOTGUN","3x1",0.866666666666667,"12-15 min","visitante",1,1,1,1,1,0,1,0,0,0,1,0,0,0,0,0,1,1,0,0,1,0,0,0,0,0,1,4,"rival",FALSE
"162",2022101608,3,1,10,17,27,"SINGLEBACK","3x1",0.266666666666667,"12-15 min","local",1,1,1,1,0,0,0,0,1,0,1,0,0,0,1,0,1,1,0,1,0,0,0,1,0,0,0,0,"rival",FALSE
"163",2022103010,1,1,10,29,39,"I_FORM","2x1",14.9,"0-3 min","local",1,1,1,1,1,0,1,0,0,0,0,0,0,0,0,0,1,1,0,0,0,0,1,1,1,0,0,0,"LA",FALSE
"164",2022100912,2,1,10,17,27,"SINGLEBACK","2x2",11,"3-6 min","local",1,1,1,1,1,1,0,0,1,1,1,0,0,0,0,0,1,0,0,1,0,0,0,0,0,0,0,-6,"LA",FALSE
"165",2022101608,2,2,5,21,89,"SHOTGUN","2x1",5.91666666666667,"9-12 min","local",1,0,1,1,1,0,0,0,1,0,1,0,0,0,1,0,1,1,0,1,0,0,0,1,0,0,0,-3,"rival",TRUE
"167",2022092510,4,2,12,24,86,"SHOTGUN","2x2",10.7833333333333,"3-6 min","visitante",1,1,1,1,1,1,0,1,1,1,0,0,0,0,1,0,1,0,0,0,0,0,0,0,0,0,0,11,"LA",TRUE
"168",2022091807,1,2,4,27,83,"I_FORM","2x1",4.06666666666667,"9-12 min","local",1,1,1,1,1,1,0,1,0,1,1,0,1,0,0,0,1,0,0,0,0,0,0,0,0,0,0,0,"rival",TRUE
"169",2022100912,1,1,10,5,105,"I_FORM","2x1",2,"12-15 min","local",1,0,1,1,1,1,0,0,0,1,1,0,1,0,1,0,1,0,0,1,0,0,0,0,0,0,0,-6,"LA",FALSE
"170",2022110609,2,2,11,31,41,"EMPTY","3x2",13.1333333333333,"0-3 min","visitante",1,1,1,1,1,0,1,0,0,0,1,0,1,0,0,0,1,1,0,0,0,0,0,0,0,0,1,-3,"LA",TRUE
"171",2022100912,2,1,10,37,47,"SHOTGUN","2x2",2,"12-15 min","local",1,1,1,1,1,1,0,0,0,1,1,0,0,0,0,0,1,0,0,1,1,0,0,0,0,0,0,-6,"LA",TRUE
"172",2022100912,1,3,10,46,56,"SHOTGUN","3x1",9.81666666666667,"3-6 min","local",1,0,1,1,1,1,0,0,1,1,1,0,0,1,0,0,1,0,0,1,0,0,0,0,0,0,0,-6,"rival",TRUE
"173",2022090800,2,2,19,38,48,"SHOTGUN","2x2",0.433333333333333,"12-15 min","local",1,1,1,1,1,1,1,1,1,1,1,0,0,0,0,0,0,0,0,0,0,0,0,0,0,0,0,-3,"rival",TRUE
"174",2022110609,4,1,10,7,103,"SINGLEBACK","2x1",1.86666666666667,"12-15 min","visitante",1,0,1,1,1,0,1,0,1,0,1,0,0,0,0,0,1,1,0,0,0,0,0,0,0,1,1,4,"LA",FALSE
"175",2022091807,1,1,10,41,51,"I_FORM","2x1",6.48333333333333,"6-9 min","local",1,1,1,1,1,1,0,1,1,1,1,0,0,0,0,1,0,0,0,0,0,0,0,0,0,0,0,0,"LA",TRUE
"176",2022092510,3,1,10,35,45,"SINGLEBACK","3x1",3.6,"9-12 min","visitante",1,1,1,1,1,1,0,1,0,1,1,0,1,0,0,0,1,0,0,0,0,0,0,0,0,0,0,4,"LA",TRUE
"177",2022110609,3,2,8,46,56,"SHOTGUN","3x1",12.2166666666667,"0-3 min","visitante",1,1,1,0,1,0,1,0,1,0,1,1,0,0,0,0,1,1,0,0,0,0,0,0,0,0,1,1,"LA",TRUE
"178",2022100912,1,3,1,14,96,"I_FORM","2x1",0.583333333333333,"12-15 min","local",1,0,1,1,1,1,0,0,0,1,1,0,1,0,1,0,1,0,0,1,0,0,0,0,0,0,0,-6,"LA",FALSE
"179",2022091807,2,2,3,3,13,"SINGLEBACK","2x2",0.3,"12-15 min","local",1,1,1,1,1,1,0,1,1,1,1,0,0,0,0,0,1,0,0,0,0,0,0,0,0,0,0,11,"rival",TRUE
"180",2022101608,3,2,11,39,49,"SHOTGUN","2x1",7.58333333333333,"6-9 min","local",1,1,1,1,1,0,0,0,1,0,0,0,0,0,1,0,1,1,0,1,0,0,0,1,0,0,0,-3,"rival",TRUE
"181",2022100300,1,1,15,24,86,"SHOTGUN","2x2",9.01666666666667,"3-6 min","visitante",1,1,1,0,1,1,0,1,1,0,0,0,0,0,1,0,1,1,1,0,0,0,0,0,0,0,0,0,"rival",TRUE
"182",2022091807,2,1,8,8,18,"I_FORM","2x1",9.56666666666667,"3-6 min","local",1,1,1,1,1,1,0,1,1,1,1,0,0,0,0,0,1,0,0,0,0,0,0,0,0,0,0,7,"rival",FALSE
"183",2022091807,2,2,7,23,33,"SHOTGUN","2x2",1,"12-15 min","local",1,1,1,1,1,1,0,1,1,1,1,0,0,0,0,0,1,0,0,0,0,0,0,0,0,0,0,11,"rival",TRUE
"185",2022090800,3,2,8,13,23,"SHOTGUN","2x2",14.4833333333333,"0-3 min","local",1,1,1,1,1,1,1,1,1,1,1,0,0,0,0,0,0,0,0,0,0,0,0,0,0,0,0,0,"LA",TRUE
"186",2022101608,2,2,8,42,52,"SINGLEBACK","3x1",10.2333333333333,"3-6 min","local",1,1,1,0,1,0,0,0,1,0,0,1,0,0,1,0,1,1,0,1,0,0,0,1,0,0,0,-3,"LA",FALSE
"187",2022100300,4,1,10,45,65,"SHOTGUN","2x2",7.68333333333333,"6-9 min","visitante",1,1,1,1,1,1,0,0,1,0,1,0,0,0,0,0,1,1,0,1,0,0,0,0,0,0,0,-8,"LA",TRUE
"189",2022100300,4,2,10,37,47,"SHOTGUN","3x1",3.73333333333333,"9-12 min","visitante",1,0,1,1,1,1,0,0,0,0,1,0,1,0,0,0,1,1,0,1,0,1,0,0,0,0,0,-15,"rival",TRUE
"190",2022092510,2,2,9,26,84,"SHOTGUN","2x2",1.75,"12-15 min","visitante",1,1,1,1,1,1,0,1,1,1,1,0,0,0,0,0,1,0,0,0,0,0,0,0,0,0,0,10,"LA",TRUE
"191",2022090800,3,2,9,41,69,"EMPTY","3x2",5.88333333333333,"9-12 min","local",1,1,1,1,1,1,1,1,1,1,1,0,0,0,0,0,0,0,0,0,0,0,0,0,0,0,0,-7,"rival",TRUE
"192",2022100912,4,3,3,17,93,"EMPTY","3x2",11.4,"3-6 min","local",1,1,1,1,1,1,0,0,1,0,1,0,0,0,0,0,1,1,0,1,0,0,0,0,0,0,0,-9,"LA",TRUE
"193",2022092510,2,3,12,28,38,"EMPTY","4x1",14.2166666666667,"0-3 min","visitante",1,1,1,1,1,1,0,1,1,1,1,0,0,0,0,0,1,0,0,0,0,0,0,0,0,0,0,10,"rival",TRUE
"194",2022100912,2,1,10,50,60,"SHOTGUN","2x2",0.716666666666667,"12-15 min","local",1,1,1,1,1,1,0,0,0,1,1,0,0,0,0,0,1,0,0,1,1,0,0,0,0,0,0,-6,"centro",TRUE
"195",2022110609,1,1,10,27,83,"SHOTGUN","2x2",14.9166666666667,"0-3 min","visitante",1,1,1,1,1,0,1,0,1,0,0,0,0,0,0,0,1,1,0,0,0,0,0,0,1,0,1,0,"LA",TRUE
"196",2022092510,2,2,12,28,38,"SHOTGUN","2x1",14.3166666666667,"0-3 min","visitante",1,1,1,1,1,1,0,1,1,1,0,0,0,0,1,0,1,0,0,0,0,0,0,0,0,0,0,10,"rival",TRUE
"197",2022092510,1,1,15,50,60,"SINGLEBACK","2x2",7.18333333333333,"6-9 min","visitante",1,1,1,1,1,1,0,1,0,1,0,0,1,1,0,0,1,0,0,0,0,0,0,0,0,0,0,3,"centro",TRUE
"198",2022090800,2,1,10,40,50,"SHOTGUN","2x2",1.66666666666667,"12-15 min","local",1,1,1,1,1,1,1,1,0,1,1,0,1,0,0,0,0,0,0,0,0,0,0,0,0,0,0,-3,"rival",TRUE
"199",2022100912,2,2,10,20,30,"SHOTGUN","2x2",3.28333333333333,"9-12 min","local",1,1,1,1,1,1,0,0,1,1,1,0,0,0,0,0,1,0,0,1,0,0,0,0,0,0,0,-6,"LA",TRUE
"200",2022090800,4,2,4,40,70,"SHOTGUN","2x2",3.68333333333333,"9-12 min","local",1,1,1,1,1,1,1,1,1,1,1,0,0,0,0,0,0,0,0,0,0,0,0,0,0,0,0,-21,"LA",TRUE
"201",2022100300,4,1,10,44,54,"SHOTGUN","2x2",6.6,"6-9 min","visitante",1,1,1,1,1,1,0,0,1,0,1,0,0,0,0,0,1,1,0,1,0,0,0,0,0,0,0,-8,"rival",TRUE
"202",2022110609,2,3,3,18,28,"EMPTY","3x2",7.91666666666667,"6-9 min","visitante",1,1,1,0,1,0,1,0,0,0,0,1,0,0,0,0,1,1,0,0,1,0,0,0,1,0,1,4,"LA",TRUE
"203",2022100300,1,2,6,27,83,"I_FORM","2x1",10.5,"3-6 min","visitante",1,1,1,1,1,1,0,1,0,0,1,0,1,0,0,0,1,1,0,0,0,0,0,0,0,0,0,0,"rival",FALSE
"204",2022101608,3,3,10,25,85,"SHOTGUN","3x1",13.1833333333333,"0-3 min","local",1,0,1,0,1,0,0,0,1,0,1,1,0,1,0,0,1,1,0,1,0,0,0,1,0,0,0,-3,"LA",TRUE
"205",2022100912,4,2,10,10,100,"EMPTY","3x2",11.95,"3-6 min","local",1,1,1,1,1,1,0,0,0,1,0,0,1,0,1,0,1,0,0,1,0,0,0,0,0,0,0,-9,"LA",TRUE
"206",2022091807,3,2,9,41,51,"SHOTGUN","2x2",13.6833333333333,"0-3 min","local",1,1,1,1,1,1,0,1,1,1,1,0,0,0,0,0,1,0,0,0,0,0,0,0,0,0,0,18,"LA",TRUE
"207",2022100300,4,4,10,37,47,"SHOTGUN","3x1",2.5,"12-15 min","visitante",1,1,1,1,1,1,0,0,1,0,1,0,0,0,0,0,1,1,0,1,0,0,0,0,0,0,0,-15,"rival",TRUE
"208",2022100912,2,1,10,27,37,"SINGLEBACK","3x1",15,"0-3 min","local",1,1,1,1,1,1,0,0,0,1,1,0,1,0,0,0,1,0,0,1,0,0,0,0,0,0,0,-6,"LA",FALSE
"209",2022110609,2,3,3,27,37,"EMPTY","3x2",14.25,"0-3 min","visitante",1,1,1,1,1,0,1,0,0,0,0,0,0,0,0,0,1,1,0,0,1,0,0,0,1,0,1,-3,"LA",TRUE
"210",2022092510,2,3,5,30,80,"EMPTY","3x2",1.05,"12-15 min","visitante",1,1,1,1,1,1,0,1,1,1,1,0,0,0,0,0,1,0,0,0,0,0,0,0,0,0,0,10,"LA",TRUE
"211",2022101608,2,3,15,31,79,"SHOTGUN","3x1",5.81666666666667,"9-12 min","local",1,1,1,0,1,0,0,0,1,0,0,1,0,0,1,0,1,1,0,1,0,0,0,1,0,0,0,-3,"rival",FALSE
"212",2022091807,4,2,11,24,86,"SHOTGUN","2x2",7.48333333333333,"6-9 min","local",1,1,1,1,1,1,0,1,0,1,1,0,1,0,0,0,1,0,0,0,0,0,0,0,0,0,0,14,"LA",TRUE
"213",2022092510,1,2,4,4,106,"SINGLEBACK","2x2",9.93333333333333,"3-6 min","visitante",1,1,1,1,1,1,0,1,1,1,1,0,0,0,0,0,1,0,0,0,0,0,0,0,0,0,0,0,"rival",TRUE
"214",2022110609,4,1,10,20,90,"SINGLEBACK","2x2",13.3833333333333,"0-3 min","visitante",1,1,1,1,1,0,1,0,1,0,1,0,0,0,0,0,1,1,0,0,0,0,0,0,0,0,1,7,"LA",FALSE
"215",2022100912,2,2,6,21,31,"SINGLEBACK","2x2",10.4,"3-6 min","local",1,1,1,1,1,1,0,0,1,1,0,0,0,1,0,0,1,0,0,1,0,0,0,0,0,0,0,-6,"LA",TRUE
"216",2022092510,4,1,2,2,12,"SINGLEBACK","2x2",7.5,"6-9 min","visitante",1,1,1,1,1,1,0,1,0,1,1,0,1,0,0,0,1,0,0,0,0,0,0,0,0,0,0,11,"rival",FALSE
"217",2022103010,4,1,10,25,85,"SINGLEBACK","2x2",12.1166666666667,"0-3 min","local",1,1,1,1,1,0,1,0,1,0,1,0,0,0,0,0,1,1,0,0,0,0,0,1,0,0,0,-10,"LA",FALSE
"218",2022090800,3,1,10,11,21,"SINGLEBACK","2x2",14.9166666666667,"0-3 min","local",1,1,1,1,1,1,1,1,1,1,1,0,0,0,0,0,0,0,0,0,0,0,0,0,0,0,0,0,"LA",FALSE
"219",2022091807,3,2,2,32,78,"SINGLEBACK","3x1",12.2166666666667,"0-3 min","local",1,1,1,1,1,1,0,1,0,1,1,0,1,0,0,0,1,0,0,0,0,0,0,0,0,0,0,18,"rival",FALSE
"220",2022100912,2,3,5,25,35,"EMPTY","3x2",2.55,"12-15 min","local",1,1,1,1,1,1,0,0,1,1,1,0,0,0,0,0,1,0,0,1,0,0,0,0,0,0,0,-6,"LA",TRUE
"221",2022100300,4,3,1,35,75,"SINGLEBACK","2x2",5.41666666666667,"9-12 min","visitante",1,1,1,1,1,1,0,0,1,0,1,0,0,0,0,0,1,1,0,1,0,0,0,0,0,0,0,-15,"LA",FALSE
"222",2022100300,4,2,10,39,71,"SHOTGUN","3x1",4.96666666666667,"9-12 min","visitante",1,1,1,0,1,1,0,0,1,0,1,0,0,0,0,0,1,1,1,1,0,0,0,0,0,0,0,-15,"LA",TRUE
"223",2022090800,3,2,10,25,35,"EMPTY","3x2",7.46666666666667,"6-9 min","local",1,1,1,1,1,1,1,1,1,1,1,0,0,0,0,0,0,0,0,0,0,0,0,0,0,0,0,-7,"LA",TRUE
"224",2022110609,3,1,10,25,35,"SINGLEBACK","2x2",14.0333333333333,"0-3 min","visitante",1,1,1,1,1,0,1,0,1,0,1,0,0,0,0,0,1,1,0,0,0,0,0,0,0,0,1,1,"LA",FALSE
"225",2022090800,2,2,4,4,14,"EMPTY","3x2",3.08333333333333,"9-12 min","local",1,1,1,1,1,1,1,1,1,1,1,0,0,0,0,0,0,0,0,0,0,0,0,0,0,0,0,-10,"rival",TRUE
"226",2022091807,2,1,10,37,73,"SHOTGUN","2x2",1.56666666666667,"12-15 min","local",1,1,1,1,1,1,0,1,1,1,1,0,0,0,0,0,1,0,0,0,0,0,0,0,0,0,0,11,"LA",TRUE
"227",2022103010,1,2,9,43,67,"SINGLEBACK","3x1",5.21666666666667,"9-12 min","local",1,1,1,0,1,0,1,0,0,0,0,1,0,0,0,0,1,1,0,0,0,0,1,1,1,0,0,0,"rival",TRUE
"228",2022101608,2,3,7,12,98,"SHOTGUN","2x1",4.35,"9-12 min","local",1,1,1,1,1,0,0,0,1,0,0,0,0,0,1,0,1,1,0,1,0,0,0,1,0,0,0,-3,"rival",TRUE
"229",2022091807,4,1,10,23,33,"SHOTGUN","2x2",14.2833333333333,"0-3 min","local",1,1,1,1,1,1,0,1,1,1,1,0,0,0,0,0,1,0,0,0,0,0,0,0,0,0,0,18,"rival",TRUE
"230",2022091807,4,3,8,25,85,"SHOTGUN","3x1",0.966666666666667,"12-15 min","local",1,1,1,1,1,1,0,1,1,1,1,0,0,0,0,0,1,0,0,0,0,0,0,0,0,0,0,6,"LA",FALSE
"231",2022090800,1,1,10,47,63,"SINGLEBACK","2x2",6.8,"6-9 min","local",1,1,1,1,1,1,1,1,1,1,1,0,0,0,0,0,0,0,0,0,0,0,0,0,0,0,0,-7,"rival",TRUE
"232",2022100300,2,2,10,20,90,"SHOTGUN","2x2",12.6,"0-3 min","visitante",1,1,1,1,1,1,0,0,1,0,1,0,0,0,0,0,1,1,0,1,0,0,0,0,0,0,0,-4,"LA",FALSE
"233",2022100300,3,3,3,28,82,"EMPTY","3x2",8.13333333333333,"6-9 min","visitante",1,1,1,1,1,1,0,0,1,0,1,0,0,0,0,0,1,1,0,1,0,0,0,0,0,0,0,-8,"rival",TRUE
"234",2022100300,1,1,10,25,35,"I_FORM","2x1",15,"0-3 min","visitante",1,1,1,1,1,1,0,1,0,0,1,0,1,0,0,0,1,1,0,0,0,0,0,0,0,0,0,0,"LA",FALSE
"235",2022090800,4,4,1,33,77,"SHOTGUN","2x2",8.38333333333333,"6-9 min","local",1,1,1,1,1,1,1,1,1,1,1,0,0,0,0,0,0,0,0,0,0,0,0,0,0,0,0,-21,"LA",FALSE
"236",2022100912,4,1,10,31,41,"EMPTY","3x2",1.93333333333333,"12-15 min","local",1,1,1,1,1,1,0,0,1,0,1,0,0,0,0,0,1,1,0,1,0,0,0,0,0,0,0,-12,"rival",TRUE
"237",2022100912,1,3,1,34,76,"SINGLEBACK","2x2",13.6,"0-3 min","local",1,1,1,1,1,1,0,0,0,1,1,0,0,0,0,0,1,0,0,1,1,0,0,0,0,0,0,0,"LA",TRUE
"238",2022103010,3,1,10,20,30,"SHOTGUN","2x2",11.3333333333333,"3-6 min","local",1,1,1,1,1,0,1,0,0,0,1,0,0,0,0,0,1,1,0,0,0,0,1,1,0,0,0,4,"LA",TRUE
"239",2022100912,3,2,4,46,56,"I_FORM","2x1",5.4,"9-12 min","local",1,0,1,1,1,1,0,0,0,1,1,0,1,0,1,0,1,0,0,1,0,0,0,0,0,0,0,-9,"LA",FALSE
"240",2022091807,4,3,4,31,79,"EMPTY","3x2",6.73333333333333,"6-9 min","local",1,1,1,1,1,1,0,1,1,1,1,0,0,0,0,0,1,0,0,0,0,0,0,0,0,0,0,14,"LA",TRUE
"241",2022110609,1,2,10,25,85,"SHOTGUN","3x1",7.16666666666667,"6-9 min","visitante",1,1,1,1,1,0,1,0,1,0,1,0,0,0,0,0,1,1,0,0,0,0,0,0,0,0,1,-3,"LA",TRUE
"242",2022110609,2,1,10,11,21,"SINGLEBACK","3x1",9.35,"3-6 min","visitante",1,1,1,1,1,0,1,0,1,0,1,0,0,0,0,0,1,1,0,0,0,0,0,0,0,0,1,4,"LA",FALSE
"243",2022091807,4,1,10,25,85,"I_FORM","2x1",4.95,"9-12 min","local",1,1,1,1,1,1,0,1,0,1,1,0,1,0,0,0,1,0,0,0,0,0,0,0,0,0,0,6,"LA",FALSE
"244",2022091807,2,1,10,33,43,"SHOTGUN","2x2",12.8,"0-3 min","local",1,1,1,1,1,1,0,1,0,1,0,0,1,0,1,0,1,0,0,0,0,0,0,0,0,0,0,7,"rival",TRUE
"245",2022090800,3,3,18,50,60,"EMPTY","4x1",5.41666666666667,"9-12 min","local",1,1,1,1,1,1,1,1,1,1,1,0,0,0,0,0,0,0,0,0,0,0,0,0,0,0,0,-7,"centro",TRUE
"246",2022110609,4,3,11,19,91,"SHOTGUN","2x2",11.8833333333333,"3-6 min","visitante",1,1,1,1,1,0,1,0,0,0,0,0,0,0,0,0,1,1,0,0,1,0,0,0,1,0,1,7,"LA",TRUE
"247",2022090800,4,2,10,45,65,"SHOTGUN","2x2",3.2,"9-12 min","local",1,1,1,1,1,1,1,1,1,1,1,0,0,0,0,0,0,0,0,0,0,0,0,0,0,0,0,-21,"LA",TRUE
"248",2022100300,3,2,7,7,103,"SHOTGUN","3x1",4.61666666666667,"9-12 min","visitante",1,1,1,1,1,1,0,0,0,0,1,0,0,0,0,0,1,1,0,1,1,0,0,0,0,0,0,-8,"rival",TRUE
"249",2022100912,1,2,7,28,82,"SHOTGUN","2x2",8.03333333333333,"6-9 min","local",1,1,1,1,1,1,0,0,0,1,1,0,1,0,0,0,1,0,0,1,0,0,0,0,0,0,0,-9,"LA",FALSE
"250",2022103010,1,3,9,33,77,"SHOTGUN","3x1",3.21666666666667,"9-12 min","local",1,1,1,0,1,0,1,0,1,0,1,0,0,0,0,0,1,1,0,0,0,0,0,1,1,0,0,0,"rival",TRUE
"251",2022100300,2,2,11,11,21,"EMPTY","3x2",6.56666666666667,"6-9 min","visitante",1,1,1,1,1,1,0,0,1,0,1,0,0,0,0,0,1,1,0,1,0,0,0,0,0,0,0,-4,"rival",TRUE
"252",2022091807,1,3,1,1,109,"SINGLEBACK","3x1",1.8,"12-15 min","local",1,1,1,1,1,1,0,1,0,1,1,0,1,0,0,0,1,0,0,0,0,0,0,0,0,0,0,0,"rival",TRUE
"253",2022091807,3,1,10,25,35,"SINGLEBACK","2x2",15,"0-3 min","local",1,1,1,1,1,1,0,1,0,1,0,0,1,0,1,0,1,0,0,0,0,0,0,0,0,0,0,18,"LA",TRUE
"254",2022101608,3,1,10,19,29,"SINGLEBACK","2x2",6.88333333333333,"6-9 min","local",1,1,1,1,1,0,0,0,0,0,1,0,0,0,0,0,1,1,0,1,0,0,1,1,0,0,0,-3,"rival",TRUE
"255",2022110609,3,2,6,29,39,"SHOTGUN","3x1",13.35,"0-3 min","visitante",1,1,1,1,1,0,1,0,1,0,1,0,0,0,0,0,1,1,0,0,0,0,0,0,0,0,1,1,"LA",TRUE
"256",2022101608,4,1,10,47,63,"EMPTY","3x2",12.5,"0-3 min","local",1,1,1,1,1,0,0,0,1,0,1,0,0,0,0,0,1,1,0,1,0,0,0,1,0,0,0,7,"rival",TRUE
"257",2022100300,4,1,10,33,77,"SHOTGUN","2x2",8.63333333333333,"6-9 min","visitante",1,1,1,1,1,1,0,0,1,0,1,0,0,0,0,0,1,1,0,1,0,0,0,0,0,0,0,-8,"LA",FALSE
"258",2022100912,2,3,4,44,66,"EMPTY","3x2",0.566666666666667,"12-15 min","local",1,1,1,1,1,1,0,0,1,1,1,0,0,0,0,0,1,0,0,1,0,0,0,0,0,0,0,-6,"rival",TRUE
"259",2022090800,1,2,10,24,34,"SHOTGUN","2x2",0.283333333333333,"12-15 min","local",1,1,1,1,1,1,1,1,1,1,1,0,0,0,0,0,0,0,0,0,0,0,0,0,0,0,0,-7,"LA",TRUE
"260",2022110609,3,2,7,8,102,"EMPTY","3x2",9.46666666666667,"3-6 min","visitante",1,1,1,1,1,0,1,0,0,0,1,0,1,0,0,0,1,1,0,0,0,0,0,0,0,0,1,1,"rival",TRUE
"261",2022110609,3,1,10,11,99,"SINGLEBACK","2x2",9.9,"3-6 min","visitante",1,1,1,1,1,0,1,0,0,0,1,0,1,0,0,0,1,1,0,0,0,0,0,0,0,0,1,1,"rival",TRUE
"262",2022092510,1,2,11,36,74,"SHOTGUN","2x1",12.35,"0-3 min","visitante",1,1,1,1,1,1,0,1,1,1,0,0,0,0,1,0,1,0,0,0,0,0,0,0,0,0,0,0,"rival",TRUE
"263",2022091807,2,1,10,19,29,"SINGLEBACK","3x1",11.6333333333333,"3-6 min","local",1,1,1,1,1,1,0,1,0,1,1,0,1,0,0,0,1,0,0,0,0,0,0,0,0,0,0,7,"rival",TRUE
"264",2022100300,3,1,10,35,75,"SINGLEBACK","2x2",8.93333333333333,"6-9 min","visitante",1,1,1,1,1,1,0,0,0,0,1,0,1,0,0,0,1,1,0,1,0,0,0,0,0,0,0,-8,"rival",TRUE
"265",2022092510,2,1,15,31,41,"SHOTGUN","2x2",15,"0-3 min","visitante",1,1,1,0,1,1,0,1,1,1,1,0,0,0,0,0,1,0,1,0,0,0,0,0,0,0,0,10,"rival",FALSE
"266",2022092510,3,2,5,34,76,"SINGLEBACK","3x1",2.41666666666667,"12-15 min","visitante",1,1,0,1,1,1,0,1,0,1,1,0,1,0,0,0,1,1,0,0,0,0,0,0,0,0,0,4,"rival",FALSE
"267",2022100912,1,3,9,10,20,"SHOTGUN","3x1",5.46666666666667,"9-12 min","local",1,1,1,1,1,1,0,0,0,1,1,0,0,0,0,0,1,0,0,1,1,0,0,0,0,0,0,-9,"rival",TRUE
"268",2022090800,4,1,10,18,92,"SHOTGUN","2x2",5.28333333333333,"9-12 min","local",1,1,1,1,1,1,1,1,1,1,1,0,0,0,0,0,0,0,0,0,0,0,0,0,0,0,0,-21,"LA",FALSE
"269",2022091807,3,2,4,10,100,"EMPTY","3x2",9.56666666666667,"3-6 min","local",1,1,1,1,1,1,0,1,0,1,1,0,1,0,0,0,1,0,0,0,0,0,0,0,0,0,0,18,"rival",TRUE
"270",2022100300,2,1,10,35,75,"SINGLEBACK","3x1",11.5,"3-6 min","visitante",1,1,1,1,1,1,0,0,0,0,1,0,1,0,0,0,1,1,0,1,0,0,0,0,0,0,0,-4,"LA",TRUE
"271",2022103010,1,1,2,2,108,"SINGLEBACK","2x2",1.81666666666667,"12-15 min","local",1,1,1,0,1,0,1,0,0,0,1,1,0,0,0,0,1,1,0,0,1,0,0,1,0,0,0,0,"rival",FALSE
"272",2022103010,1,2,10,29,39,"SINGLEBACK","3x1",14.3,"0-3 min","local",1,1,1,1,1,0,1,0,1,0,0,0,0,0,0,0,1,1,0,0,0,0,0,1,1,0,0,0,"LA",TRUE
"273",2022110609,4,2,12,20,90,"SINGLEBACK","2x2",7.28333333333333,"6-9 min","visitante",1,1,1,1,1,0,1,0,1,0,1,0,0,0,0,0,1,1,0,0,0,0,0,0,0,0,1,4,"LA",FALSE
"274",2022100912,1,1,10,25,85,"SINGLEBACK","2x2",8.71666666666667,"6-9 min","local",1,1,1,1,1,1,0,0,0,1,1,0,1,0,0,0,1,0,0,1,0,0,0,0,0,0,0,-9,"LA",FALSE
"275",2022090800,2,2,1,31,41,"SINGLEBACK","2x2",1.33333333333333,"12-15 min","local",1,1,1,1,1,1,1,1,0,1,1,0,1,0,0,0,0,0,0,0,0,0,0,0,0,0,0,-3,"rival",FALSE
"276",2022092510,1,2,4,14,96,"SINGLEBACK","3x1",11,"3-6 min","visitante",1,1,1,1,1,1,0,1,1,1,1,0,0,0,0,0,1,0,0,0,0,0,0,0,0,0,0,0,"rival",TRUE
"277",2022101608,4,2,5,25,35,"SINGLEBACK","2x2",2,"12-15 min","local",1,1,1,1,0,0,0,0,0,0,1,0,0,0,0,0,1,1,1,1,1,0,0,1,0,0,0,14,"LA",FALSE
"278",2022103010,4,1,10,9,101,"SHOTGUN","2x2",2.4,"12-15 min","local",1,1,1,1,1,0,1,0,0,0,0,0,0,0,0,0,1,1,0,0,1,0,0,1,1,0,0,-17,"LA",FALSE
"279",2022100300,3,1,7,7,103,"SINGLEBACK","2x2",4.66666666666667,"9-12 min","visitante",1,1,1,1,1,1,0,0,0,0,1,0,0,0,0,0,1,1,0,1,1,0,0,0,0,0,0,-8,"rival",TRUE
"280",2022091807,3,1,10,28,82,"SHOTGUN","3x1",10.7333333333333,"3-6 min","local",1,1,1,1,1,1,0,1,0,1,0,0,1,0,1,0,1,0,0,0,0,0,0,0,0,0,0,18,"rival",TRUE
"281",2022101608,2,2,10,25,35,"SHOTGUN","3x1",1.9,"12-15 min","local",1,1,1,1,1,0,0,0,0,0,0,0,0,0,1,0,1,1,0,1,1,0,0,1,0,0,0,-3,"LA",FALSE
"282",2022100912,2,3,13,22,32,"SHOTGUN","3x1",7.18333333333333,"6-9 min","local",1,0,1,1,1,1,0,0,1,1,1,0,0,1,0,0,1,0,0,1,0,0,0,0,0,0,0,-6,"LA",TRUE
"283",2022092510,4,2,1,1,11,"SHOTGUN","2x2",6.76666666666667,"6-9 min","visitante",1,1,1,1,1,1,0,1,0,1,1,0,1,0,0,0,1,0,0,0,0,0,0,0,0,0,0,11,"rival",FALSE
"284",2022100300,4,1,10,42,68,"SHOTGUN","2x2",0.75,"12-15 min","visitante",1,1,1,1,1,1,0,0,1,0,1,0,0,0,0,0,1,1,0,1,0,0,0,0,0,0,0,-15,"LA",TRUE
"285",2022100912,4,1,10,46,64,"SHOTGUN","2x2",2.35,"12-15 min","local",1,1,1,1,1,1,0,0,1,0,1,0,0,0,0,0,1,1,0,1,0,0,0,0,0,0,0,-12,"LA",TRUE
"286",2022092510,1,1,10,20,90,"I_FORM","2x1",11.65,"3-6 min","visitante",1,1,1,1,1,1,0,1,1,1,1,0,0,0,0,0,1,0,0,0,0,0,0,0,0,0,0,0,"rival",FALSE
"287",2022091807,4,2,5,44,66,"I_FORM","2x1",5.26666666666667,"9-12 min","local",1,1,1,1,1,1,0,1,0,1,1,0,1,0,0,0,1,0,0,0,0,0,0,0,0,0,0,14,"LA",FALSE
"288",2022091807,3,1,10,30,40,"I_FORM","2x1",7.23333333333333,"6-9 min","local",1,0,1,1,1,1,0,1,0,1,1,0,1,1,0,0,1,0,0,0,0,0,0,0,0,0,0,25,"LA",FALSE
"289",2022101608,4,2,2,2,108,"SINGLEBACK","2x2",8.33333333333333,"6-9 min","local",1,1,1,1,1,0,0,0,1,0,1,0,0,0,0,0,1,1,0,1,0,0,0,1,0,0,0,7,"rival",FALSE
"290",2022091807,4,2,6,19,29,"EMPTY","3x2",13.8833333333333,"0-3 min","local",1,1,1,1,1,1,0,1,1,1,1,0,0,0,0,0,1,0,0,0,0,0,0,0,0,0,0,18,"rival",TRUE
"291",2022101608,2,2,7,23,33,"EMPTY","3x2",2.13333333333333,"12-15 min","local",1,0,1,1,1,0,0,0,1,0,1,0,0,0,1,0,1,1,0,1,0,0,0,1,0,0,0,4,"LA",TRUE
"292",2022090800,4,1,10,24,86,"SHOTGUN","3x1",9.35,"3-6 min","local",1,1,1,1,1,1,1,1,1,1,1,0,0,0,0,0,0,0,0,0,0,0,0,0,0,0,0,-21,"LA",TRUE
"293",2022100912,2,3,17,20,30,"SHOTGUN","3x1",13.6666666666667,"0-3 min","local",1,0,1,1,1,1,0,0,1,1,1,0,0,1,0,0,1,0,0,1,0,0,0,0,0,0,0,-6,"LA",TRUE
"294",2022103010,4,3,16,15,95,"SHOTGUN","3x1",5.58333333333333,"9-12 min","local",1,1,1,1,1,0,1,0,1,0,1,0,0,0,0,0,1,1,0,0,0,0,0,1,0,0,0,-17,"LA",FALSE
"295",2022101608,3,1,10,20,90,"SHOTGUN","2x2",3.01666666666667,"9-12 min","local",1,1,1,1,1,0,0,0,1,0,1,0,0,0,0,0,1,1,0,1,0,0,0,1,0,0,0,0,"LA",TRUE
"296",2022103010,2,1,10,16,26,"SHOTGUN","3x1",6.68333333333333,"6-9 min","local",1,1,1,1,1,0,1,0,0,0,0,0,0,0,0,0,1,1,0,0,0,0,1,1,1,0,0,0,"rival",TRUE
"297",2022091807,2,1,10,25,85,"SHOTGUN","2x2",2.73333333333333,"12-15 min","local",1,1,1,1,1,1,0,1,0,1,1,0,1,0,0,0,1,0,0,0,0,0,0,0,0,0,0,11,"LA",FALSE
"298",2022103010,2,1,10,25,85,"SINGLEBACK","3x1",12.1666666666667,"0-3 min","local",1,1,1,1,1,0,1,0,0,0,0,0,0,0,0,0,1,1,0,0,0,0,1,1,1,0,0,0,"LA",TRUE
"299",2022091807,3,3,10,21,31,"EMPTY","3x2",3.06666666666667,"9-12 min","local",1,1,1,1,1,1,0,1,1,1,1,0,0,0,0,0,1,0,0,0,0,0,0,0,0,0,0,18,"LA",TRUE
"300",2022091807,4,2,5,28,82,"SINGLEBACK","2x1",1.05,"12-15 min","local",1,0,1,1,1,1,0,1,0,1,0,1,1,0,0,0,1,1,0,0,0,0,0,0,0,0,0,6,"LA",FALSE
"301",2022110609,4,2,9,21,89,"SHOTGUN","3x1",12.6333333333333,"0-3 min","visitante",1,1,1,1,1,0,1,0,1,0,1,0,0,0,0,0,1,1,0,0,0,0,0,0,0,0,1,7,"LA",TRUE
"302",2022100300,2,1,9,9,19,"SINGLEBACK","3x1",7.28333333333333,"6-9 min","visitante",1,1,1,1,1,1,0,0,0,0,1,0,1,0,0,0,1,1,0,1,0,0,0,0,0,0,0,-4,"rival",TRUE
"303",2022100912,1,1,10,46,56,"SHOTGUN","2x2",9.93333333333333,"3-6 min","local",1,1,1,1,1,1,0,0,0,1,1,0,1,0,0,0,1,0,0,1,0,0,0,0,0,0,0,-6,"rival",TRUE
"304",2022100912,4,1,10,25,85,"SHOTGUN","2x2",5.53333333333333,"9-12 min","local",1,1,1,1,1,1,0,0,1,0,1,0,0,0,0,0,1,1,0,1,0,0,0,0,0,0,0,-12,"LA",TRUE
"305",2022100912,4,1,10,10,100,"SINGLEBACK","2x2",12.55,"0-3 min","local",1,1,1,1,1,1,0,0,0,1,0,0,1,0,1,0,1,0,0,1,0,0,0,0,0,0,0,-9,"LA",FALSE
"306",2022100300,4,3,18,45,55,"SHOTGUN","3x1",3.23333333333333,"9-12 min","visitante",1,1,1,1,1,1,0,0,1,0,1,0,0,0,0,0,1,1,0,1,0,0,0,0,0,0,0,-15,"rival",TRUE
"307",2022090800,2,1,10,25,35,"SINGLEBACK","2x2",4.23333333333333,"9-12 min","local",1,1,1,1,1,1,1,1,1,1,1,0,0,0,0,0,0,0,0,0,0,0,0,0,0,0,0,-10,"rival",FALSE
"308",2022090800,1,1,10,42,52,"SHOTGUN","2x2",7.75,"6-9 min","local",1,1,1,1,1,1,1,1,1,1,1,0,0,0,0,0,0,0,0,0,0,0,0,0,0,0,0,-7,"LA",FALSE
"309",2022103010,3,1,10,25,35,"I_FORM","2x1",1.85,"12-15 min","local",1,1,1,1,1,0,1,0,0,0,1,0,0,0,0,0,1,1,0,0,0,0,1,1,0,0,0,-3,"LA",FALSE
"310",2022100300,4,3,3,46,64,"SHOTGUN","3x1",4.21666666666667,"9-12 min","visitante",1,1,1,0,1,1,0,0,1,0,1,0,0,0,0,0,1,1,1,1,0,0,0,0,0,0,0,-15,"LA",TRUE
"311",2022090800,4,3,14,16,26,"SHOTGUN","2x2",0.85,"12-15 min","local",1,1,1,1,1,1,1,1,1,1,1,0,0,0,0,0,0,0,0,0,0,0,0,0,0,0,0,-21,"rival",TRUE
"312",2022101608,4,3,13,11,21,"SHOTGUN","3x1",4.55,"9-12 min","local",1,1,1,0,1,0,0,0,1,0,1,1,0,0,0,0,1,1,0,1,0,0,0,1,0,0,0,14,"LA",FALSE
"313",2022100912,1,1,10,25,85,"SINGLEBACK","2x2",15,"0-3 min","local",1,1,1,1,1,1,0,0,0,1,1,0,1,0,0,0,1,0,0,1,0,0,0,0,0,0,0,0,"LA",TRUE
"314",2022100912,1,1,10,25,85,"SINGLEBACK","3x1",13.45,"0-3 min","local",1,1,1,1,1,1,0,0,0,1,1,0,1,0,0,0,1,0,0,1,0,0,0,0,0,0,0,-6,"LA",FALSE
"315",2022090800,4,2,16,18,28,"SINGLEBACK","2x2",1.25,"12-15 min","local",1,1,1,1,1,1,1,1,1,1,1,0,0,0,0,0,0,0,0,0,0,0,0,0,0,0,0,-21,"rival",FALSE
"316",2022103010,2,2,6,29,81,"SINGLEBACK","3x1",0.316666666666667,"12-15 min","local",1,1,1,1,1,0,1,0,0,0,1,0,0,0,0,0,1,1,0,0,0,0,1,1,0,0,0,4,"LA",FALSE
"317",2022092510,2,3,7,38,72,"EMPTY","3x2",11.5833333333333,"3-6 min","visitante",1,1,1,1,1,1,0,1,1,1,1,0,0,0,0,0,1,0,0,0,0,0,0,0,0,0,0,13,"LA",TRUE
"318",2022091807,3,1,10,16,94,"I_FORM","2x1",10.1,"3-6 min","local",1,1,1,1,1,1,0,1,0,1,1,0,1,0,0,0,1,0,0,0,0,0,0,0,0,0,0,18,"rival",FALSE
"319",2022091807,4,3,8,41,69,"SHOTGUN","2x2",5.18333333333333,"9-12 min","local",1,1,1,1,1,1,0,1,1,1,1,0,0,0,0,0,1,0,0,0,0,0,0,0,0,0,0,14,"LA",TRUE
"320",2022090800,2,1,10,45,55,"SINGLEBACK","2x2",1.88333333333333,"12-15 min","local",1,1,1,1,1,1,1,1,1,1,1,0,0,0,0,0,0,0,0,0,0,0,0,0,0,0,0,-3,"rival",TRUE
"321",2022092510,3,3,11,24,34,"EMPTY","3x2",4.26666666666667,"9-12 min","visitante",1,1,1,1,1,1,0,1,1,1,1,0,0,0,0,0,1,0,0,0,0,0,0,0,0,0,0,4,"LA",TRUE
"322",2022103010,3,1,10,38,48,"SINGLEBACK","2x2",9.83333333333333,"3-6 min","local",1,0,1,1,1,0,1,0,1,0,1,0,0,0,0,0,1,1,0,0,0,0,0,1,1,0,0,4,"LA",TRUE
"323",2022100300,1,3,5,26,84,"SHOTGUN","3x1",10.0833333333333,"3-6 min","visitante",1,1,1,1,1,1,0,1,0,0,1,0,1,0,0,0,1,1,0,0,0,0,0,0,0,0,0,0,"rival",TRUE
"324",2022090800,4,2,15,19,91,"SHOTGUN","2x2",9.28333333333333,"3-6 min","local",1,1,1,1,1,1,1,1,1,1,1,0,0,0,0,0,0,0,0,0,0,0,0,0,0,0,0,-21,"LA",TRUE
"325",2022091807,2,2,10,19,29,"SHOTGUN","2x2",10.9666666666667,"3-6 min","local",1,1,1,1,1,1,0,1,0,1,1,0,1,0,0,0,1,0,0,0,0,0,0,0,0,0,0,7,"rival",FALSE
"326",2022100912,2,3,5,42,52,"EMPTY","3x2",1.15,"12-15 min","local",1,1,1,1,1,1,0,0,0,1,1,0,0,0,0,0,1,0,0,1,1,0,0,0,0,0,0,-6,"LA",TRUE
"327",2022101608,4,1,10,20,90,"SHOTGUN","2x1",9.51666666666667,"3-6 min","local",1,1,1,1,1,0,0,0,0,0,0,0,0,0,1,0,1,1,0,1,1,0,0,1,0,0,0,7,"rival",TRUE
"328",2022091807,4,1,7,7,17,"SINGLEBACK","3x1",13.1166666666667,"0-3 min","local",1,1,1,1,1,1,0,1,1,1,1,0,0,0,0,0,1,0,0,0,0,0,0,0,0,0,0,18,"rival",FALSE
"329",2022101608,2,1,10,41,69,"SINGLEBACK","3x1",8.26666666666667,"6-9 min","local",1,1,1,0,1,0,0,0,1,0,0,0,0,0,1,0,1,1,1,1,0,0,0,1,0,0,0,-3,"rival",FALSE
"330",2022100300,1,2,9,18,92,"SINGLEBACK","3x1",8.35,"6-9 min","visitante",1,1,1,0,1,1,0,1,1,0,1,0,0,0,0,0,1,1,1,0,0,0,0,0,0,0,0,0,"rival",TRUE
"331",2022100912,1,2,9,10,20,"EMPTY","3x2",5.56666666666667,"9-12 min","local",1,1,1,1,1,1,0,0,0,1,1,0,0,0,0,0,1,0,0,1,1,0,0,0,0,0,0,-9,"rival",TRUE
"332",2022100912,1,3,3,45,65,"EMPTY","3x2",10.6166666666667,"3-6 min","local",1,1,1,1,1,1,0,0,1,1,1,0,0,0,0,0,1,0,0,1,0,0,0,0,0,0,0,-6,"LA",TRUE
"333",2022091807,4,2,1,1,11,"SINGLEBACK","2x2",12.4,"0-3 min","local",1,1,1,1,1,1,0,1,1,1,1,0,0,0,0,0,1,0,0,0,0,0,0,0,0,0,0,18,"rival",TRUE
"334",2022100300,1,2,9,37,47,"SHOTGUN","3x1",13.6,"0-3 min","visitante",1,1,1,1,1,1,0,1,0,0,1,0,1,0,0,0,1,1,0,0,0,0,0,0,0,0,0,0,"LA",TRUE
"335",2022092510,1,3,3,24,86,"EMPTY","3x2",4.88333333333333,"9-12 min","visitante",1,1,1,1,1,1,0,1,1,1,1,0,0,0,0,0,1,0,0,0,0,0,0,0,0,0,0,3,"rival",TRUE
"336",2022100300,4,1,10,26,84,"SHOTGUN","2x2",6.35,"6-9 min","visitante",1,1,1,1,1,1,0,0,1,0,1,0,0,0,0,0,1,1,0,1,0,0,0,0,0,0,0,-15,"LA",TRUE
"337",2022100300,2,3,5,26,84,"SHOTGUN","3x1",2,"12-15 min","visitante",1,1,1,1,1,1,0,0,1,0,1,0,0,0,0,0,1,1,0,1,0,0,0,0,0,0,0,-8,"LA",TRUE
"338",2022103010,1,2,1,1,109,"SINGLEBACK","2x1",0.9,"12-15 min","local",1,1,1,0,1,0,1,0,0,0,1,0,0,0,0,0,1,1,0,0,1,0,0,1,0,1,0,0,"rival",FALSE
"339",2022110609,1,1,10,25,85,"SINGLEBACK","2x2",7.26666666666667,"6-9 min","visitante",1,1,1,1,1,0,1,0,1,0,0,0,0,0,0,0,1,1,0,0,0,0,0,0,1,0,1,-3,"LA",TRUE
"340",2022090800,2,3,6,44,66,"SHOTGUN","3x1",8.06666666666667,"6-9 min","local",1,1,1,1,1,1,1,1,1,1,1,0,0,0,0,0,0,0,0,0,0,0,0,0,0,0,0,-10,"LA",TRUE
"341",2022110609,1,2,10,27,83,"SINGLEBACK","2x2",14.8333333333333,"0-3 min","visitante",1,1,1,1,1,0,1,0,1,0,1,0,0,0,0,0,1,1,0,0,0,0,0,0,0,0,1,0,"LA",FALSE
"342",2022110609,2,3,6,23,33,"SHOTGUN","3x1",10.4333333333333,"3-6 min","visitante",1,1,1,1,1,0,1,0,0,0,0,0,0,0,0,0,1,1,0,0,1,0,0,0,1,0,1,4,"LA",TRUE
"343",2022090800,4,1,10,45,65,"SHOTGUN","2x2",7.1,"6-9 min","local",1,1,1,1,1,1,1,1,1,1,1,0,0,0,0,0,0,0,0,0,0,0,0,0,0,0,0,-21,"LA",TRUE
"344",2022090800,3,1,10,48,58,"SINGLEBACK","2x2",7.03333333333333,"6-9 min","local",1,1,1,1,1,1,1,1,1,1,1,0,0,0,0,0,0,0,0,0,0,0,0,0,0,0,0,-7,"LA",TRUE
"345",2022103010,1,1,1,1,109,"SINGLEBACK","2x1",0.95,"12-15 min","local",1,1,1,0,1,0,1,0,0,0,1,0,0,0,0,0,1,1,0,0,1,0,0,1,0,1,0,0,"rival",TRUE
"346",2022100300,3,1,10,18,28,"SINGLEBACK","2x2",12.1333333333333,"0-3 min","visitante",1,1,1,1,1,1,0,0,0,0,1,0,1,0,0,0,1,1,0,1,0,0,0,0,0,0,0,-8,"LA",TRUE
"347",2022092510,4,1,10,33,43,"SINGLEBACK","3x1",9.7,"3-6 min","visitante",1,1,1,1,1,1,0,1,0,1,1,0,1,0,0,0,1,0,0,0,0,0,0,0,0,0,0,11,"rival",FALSE
"348",2022100300,1,2,6,29,39,"SHOTGUN","2x2",14.5,"0-3 min","visitante",1,1,1,1,1,1,0,1,0,0,1,0,1,0,0,0,1,1,0,0,0,0,0,0,0,0,0,0,"LA",TRUE
"349",2022100300,1,2,6,41,69,"SHOTGUN","3x1",11.9,"3-6 min","visitante",1,1,1,1,1,1,0,1,0,0,1,0,1,0,0,0,1,1,0,0,0,0,0,0,0,0,0,0,"rival",TRUE
"350",2022103010,3,2,10,20,30,"SHOTGUN","3x1",11.2333333333333,"3-6 min","local",1,1,1,1,1,0,1,0,1,0,0,0,0,0,0,0,1,1,0,0,0,0,0,1,1,0,0,4,"LA",FALSE
"351",2022110609,3,1,10,44,66,"SINGLEBACK","2x2",11.3666666666667,"3-6 min","visitante",1,1,1,1,1,0,1,0,1,0,1,0,0,0,0,0,1,1,0,0,0,0,0,0,0,0,1,1,"rival",FALSE
"352",2022091807,2,1,10,43,53,"SHOTGUN","2x2",1.46666666666667,"12-15 min","local",1,1,1,1,1,1,0,1,1,1,1,0,0,0,0,0,1,0,0,0,0,0,0,0,0,0,0,11,"rival",TRUE
"353",2022101608,1,1,10,46,64,"SHOTGUN","2x2",7.06666666666667,"6-9 min","local",1,0,1,1,1,1,0,0,1,0,1,0,0,0,1,0,1,1,0,1,0,0,0,0,0,0,0,-3,"LA",TRUE
"354",2022103010,3,3,5,25,35,"EMPTY","3x2",10.5166666666667,"3-6 min","local",1,1,1,0,1,0,1,0,1,0,1,0,0,0,0,0,1,1,0,0,0,0,0,1,1,0,0,4,"LA",TRUE
"355",2022100300,1,1,10,36,46,"SINGLEBACK","2x2",13.9666666666667,"0-3 min","visitante",1,1,1,1,1,1,0,1,0,0,1,0,1,0,0,0,1,1,0,0,0,0,0,0,0,0,0,0,"LA",FALSE
"356",2022100300,3,2,10,35,75,"SHOTGUN","2x1",8.85,"6-9 min","visitante",1,1,1,1,1,1,0,0,1,0,0,0,0,0,1,0,1,1,0,1,0,0,0,0,0,0,0,-8,"rival",TRUE
"357",2022103010,1,1,10,42,52,"SHOTGUN","2x2",7.41666666666667,"6-9 min","local",1,1,1,1,1,0,1,0,0,0,0,0,0,0,0,0,1,1,0,0,0,0,1,1,1,0,0,0,"LA",FALSE
"358",2022092510,1,1,10,20,30,"SHOTGUN","2x2",1.51666666666667,"12-15 min","visitante",1,1,1,0,1,1,0,1,1,1,1,0,0,0,0,0,1,0,1,0,0,0,0,0,0,0,0,10,"LA",TRUE
"359",2022103010,1,2,6,46,56,"SHOTGUN","2x2",6.65,"6-9 min","local",1,1,1,1,1,0,1,0,1,0,0,0,0,0,0,0,1,1,0,0,0,0,0,1,1,0,0,0,"LA",TRUE
"360",2022091807,3,1,10,40,50,"I_FORM","2x1",14.3166666666667,"0-3 min","local",1,1,1,1,1,1,0,1,0,1,1,0,1,0,0,0,1,0,0,0,0,0,0,0,0,0,0,18,"LA",FALSE
"361",2022090800,4,1,10,22,88,"SHOTGUN","2x2",13.3833333333333,"0-3 min","local",1,1,1,1,1,1,1,1,0,1,0,0,1,0,1,0,0,0,0,0,0,0,0,0,0,0,0,-14,"LA",TRUE
"362",2022090800,2,4,2,28,38,"EMPTY","3x2",4.9,"9-12 min","local",1,1,1,1,1,1,1,1,1,1,1,0,0,0,0,0,0,0,0,0,0,0,0,0,0,0,0,-10,"rival",TRUE
"363",2022103010,2,3,1,34,76,"SINGLEBACK","2x2",10.95,"3-6 min","local",1,1,1,1,1,0,1,0,0,0,1,0,0,0,0,0,1,1,0,0,1,0,0,1,0,0,0,0,"LA",TRUE
"364",2022091807,4,1,10,39,71,"I_FORM","2x1",6,"6-9 min","local",1,1,1,0,1,1,0,1,0,1,1,1,1,0,0,0,1,0,0,0,0,0,0,0,0,0,0,14,"LA",FALSE
"365",2022101608,4,3,4,26,36,"SINGLEBACK","2x2",1.93333333333333,"12-15 min","local",1,0,1,1,1,0,0,0,0,0,1,0,0,0,0,0,1,1,1,1,1,0,0,1,0,0,0,14,"LA",FALSE
"366",2022092510,1,1,10,42,52,"SINGLEBACK","2x2",8.83333333333333,"6-9 min","visitante",1,1,1,1,1,1,0,1,0,1,1,0,1,0,0,0,1,0,0,0,0,0,0,0,0,0,0,3,"LA",FALSE
"367",2022101608,3,3,3,3,13,"EMPTY","3x2",4.71666666666667,"9-12 min","local",1,1,1,1,1,0,0,0,1,0,1,0,0,0,0,0,1,1,0,1,0,0,0,1,0,0,0,-3,"rival",TRUE
"368",2022101608,3,1,10,39,49,"SINGLEBACK","3x1",1.1,"12-15 min","local",1,1,1,1,1,0,0,0,1,0,1,0,0,0,0,0,1,1,0,1,0,0,0,1,0,0,0,0,"rival",TRUE
"369",2022091807,2,2,3,43,53,"I_FORM","2x1",13.55,"0-3 min","local",1,1,1,1,1,1,0,1,0,1,1,0,1,0,0,0,1,0,0,0,0,0,0,0,0,0,0,7,"rival",TRUE
"370",2022101608,3,1,5,5,15,"SINGLEBACK","3x1",6.15,"6-9 min","local",1,1,1,1,1,0,0,0,0,0,1,0,0,0,0,0,1,1,0,1,1,0,0,1,0,0,0,-3,"rival",FALSE
"371",2022092510,2,1,10,25,85,"SHOTGUN","2x1",1.85,"12-15 min","visitante",1,1,1,1,1,1,0,1,1,1,1,0,0,0,0,0,1,0,0,0,0,0,0,0,0,0,0,10,"LA",FALSE
"372",2022090800,2,1,10,44,54,"PISTOL","2x1",7.33333333333333,"6-9 min","local",1,1,1,1,1,1,1,1,1,1,0,0,0,0,1,0,0,0,0,0,0,0,0,0,0,0,0,-10,"rival",FALSE
"373",2022110609,2,1,10,40,50,"SINGLEBACK","2x2",2.95,"12-15 min","visitante",1,0,1,1,1,0,1,0,1,0,1,0,0,0,0,0,1,1,0,0,0,0,0,0,1,0,1,4,"LA",TRUE
"374",2022092510,1,2,11,41,51,"SHOTGUN","3x1",8.36666666666667,"6-9 min","visitante",1,1,1,1,1,1,0,1,0,1,1,0,1,0,0,0,1,0,0,0,0,0,0,0,0,0,0,3,"LA",TRUE
"375",2022091807,4,1,10,23,87,"SINGLEBACK","2x1",1.11666666666667,"12-15 min","local",1,0,1,1,1,1,0,1,1,1,0,1,0,0,0,0,1,1,0,0,0,0,0,0,0,0,0,6,"LA",FALSE
"376",2022091807,2,1,9,9,19,"EMPTY","3x2",0.466666666666667,"12-15 min","local",1,1,1,1,1,1,0,1,1,1,0,0,0,0,1,0,1,0,0,0,0,0,0,0,0,0,0,11,"rival",TRUE
"377",2022100912,2,2,13,24,34,"SHOTGUN","2x1",14.25,"0-3 min","local",1,1,1,1,1,1,0,0,0,1,1,0,1,0,0,0,1,0,0,1,0,0,0,0,0,0,0,-6,"LA",FALSE
"378",2022101608,4,1,4,4,106,"SINGLEBACK","2x2",8.98333333333333,"6-9 min","local",1,1,1,1,1,0,0,0,1,0,1,0,0,0,0,0,1,1,0,1,0,0,0,1,0,0,0,7,"rival",FALSE
"379",2022100300,4,3,10,24,34,"SHOTGUN","3x1",1.96666666666667,"12-15 min","visitante",1,1,1,1,1,1,0,0,1,0,1,0,0,0,0,0,1,1,0,1,0,0,0,0,0,0,0,-15,"rival",TRUE
"380",2022100300,2,1,10,20,90,"I_FORM","2x1",12.6666666666667,"0-3 min","visitante",1,1,1,1,1,1,0,0,1,0,1,0,0,0,0,0,1,1,0,1,0,0,0,0,0,0,0,-4,"LA",TRUE
"381",2022101608,2,1,10,26,84,"SINGLEBACK","2x2",6.78333333333333,"6-9 min","local",1,1,1,1,1,0,0,0,1,0,0,0,0,0,1,0,1,1,0,1,0,0,0,1,0,0,0,-3,"rival",FALSE
"382",2022092510,1,1,20,45,65,"PISTOL","2x1",13.0666666666667,"0-3 min","visitante",1,1,1,1,1,1,0,1,1,1,0,0,0,0,1,0,1,0,0,0,0,0,0,0,0,0,0,0,"rival",TRUE
"383",2022100912,3,2,10,25,35,"SHOTGUN","3x1",7.51666666666667,"6-9 min","local",1,1,1,1,1,1,0,0,1,1,0,0,0,0,1,0,1,0,0,1,0,0,0,0,0,0,0,-9,"LA",TRUE
"384",2022110609,3,1,10,44,54,"SHOTGUN","3x1",12.6333333333333,"0-3 min","visitante",1,1,1,0,1,0,1,0,1,0,1,1,0,0,0,0,1,1,0,0,0,0,0,0,0,0,1,1,"LA",FALSE
"385",2022090800,4,1,10,12,22,"EMPTY","3x2",2,"12-15 min","local",1,1,1,1,1,1,1,1,1,1,1,0,0,0,0,0,0,0,0,0,0,0,0,0,0,0,0,-21,"rival",TRUE
"386",2022100300,4,2,10,24,34,"EMPTY","3x2",2.03333333333333,"12-15 min","visitante",1,1,1,1,1,1,0,0,1,0,1,0,0,0,0,0,1,1,0,1,0,0,0,0,0,0,0,-15,"rival",TRUE
"387",2022103010,1,1,10,10,100,"SHOTGUN","3x1",2.6,"12-15 min","local",1,1,1,0,1,0,1,0,0,0,0,1,0,0,0,0,1,1,0,0,0,0,1,1,1,0,0,0,"rival",TRUE
"388",2022091807,4,3,4,31,79,"EMPTY","3x2",3.53333333333333,"9-12 min","local",1,1,1,1,1,1,0,1,1,1,1,0,0,0,0,0,1,0,0,0,0,0,0,0,0,0,0,6,"LA",TRUE
"389",2022110609,3,2,7,44,66,"SINGLEBACK","3x1",3.18333333333333,"9-12 min","visitante",1,1,1,1,1,0,1,0,1,0,1,0,0,0,0,0,1,1,0,0,0,0,0,0,0,0,1,4,"rival",TRUE
"390",2022100300,1,2,8,27,37,"SHOTGUN","3x1",2.41666666666667,"12-15 min","visitante",1,1,1,1,1,1,0,1,0,0,1,0,1,0,0,0,1,1,0,0,0,0,0,0,0,0,0,-4,"LA",TRUE
"391",2022103010,3,3,6,42,52,"SHOTGUN","3x1",9.01666666666667,"3-6 min","local",1,1,1,0,1,0,1,0,1,0,1,0,0,0,0,0,1,1,0,0,0,0,0,1,1,0,0,4,"LA",TRUE
"392",2022100912,2,2,10,37,47,"EMPTY","3x2",1.86666666666667,"12-15 min","local",1,1,1,1,1,1,0,0,0,1,1,0,0,0,0,0,1,0,0,1,1,0,0,0,0,0,0,-6,"LA",TRUE
"393",2022092510,4,1,10,26,84,"SINGLEBACK","3x1",11.4833333333333,"3-6 min","visitante",1,1,1,1,1,1,0,1,0,1,1,0,1,0,0,0,1,0,0,0,0,0,0,0,0,0,0,11,"LA",FALSE
"394",2022101608,2,3,1,16,26,"SINGLEBACK","3x1",14.3,"0-3 min","local",1,1,1,1,1,1,0,0,0,0,1,0,0,0,0,0,1,1,0,1,1,0,0,0,0,0,0,-3,"LA",FALSE
"395",2022101608,3,3,5,47,63,"SHOTGUN","3x1",8.55,"6-9 min","local",1,1,1,0,1,0,0,0,1,0,1,1,0,0,0,0,1,1,0,1,0,0,0,1,0,0,0,-3,"LA",TRUE
"396",2022090800,2,2,10,36,46,"SHOTGUN","2x2",12.95,"0-3 min","local",1,1,1,1,1,1,1,1,0,1,1,0,1,0,0,0,0,0,0,0,0,0,0,0,0,0,0,-7,"rival",TRUE
"397",2022101608,3,2,2,28,82,"SINGLEBACK","2x2",2.4,"12-15 min","local",1,1,1,1,1,0,0,0,1,0,1,0,0,0,0,0,1,1,0,1,0,0,0,1,0,0,0,0,"LA",FALSE
"398",2022090800,4,1,10,34,76,"SHOTGUN","2x2",7.85,"6-9 min","local",1,1,1,1,1,1,1,1,1,1,1,0,0,0,0,0,0,0,0,0,0,0,0,0,0,0,0,-21,"LA",TRUE
"399",2022091807,4,2,6,29,81,"SINGLEBACK","3x1",4.2,"9-12 min","local",1,1,1,1,1,1,0,1,1,1,1,0,0,0,0,0,1,0,0,0,0,0,0,0,0,0,0,6,"LA",FALSE
"400",2022090800,2,1,10,36,46,"SINGLEBACK","2x2",13.4,"0-3 min","local",1,1,1,1,1,1,1,1,0,1,1,0,1,0,0,0,0,0,0,0,0,0,0,0,0,0,0,-7,"rival",FALSE
"401",2022110609,1,3,19,27,83,"SHOTGUN","3x1",4.76666666666667,"9-12 min","visitante",1,1,1,0,1,0,1,0,0,0,1,1,0,0,0,0,1,1,0,0,1,0,0,0,0,0,1,-3,"LA",TRUE
"402",2022101608,4,3,4,41,69,"SHOTGUN","3x1",11.05,"3-6 min","local",1,1,1,0,1,0,0,0,0,0,1,1,0,0,0,0,1,1,0,1,1,0,0,1,0,0,0,7,"rival",TRUE
"403",2022100300,4,1,10,45,55,"SHOTGUN","2x2",0.266666666666667,"12-15 min","visitante",1,1,1,1,1,1,0,0,1,0,1,0,0,0,0,0,1,1,0,1,0,0,0,0,0,0,0,-15,"rival",FALSE
"404",2022100912,2,3,2,25,35,"EMPTY","3x2",9.7,"3-6 min","local",1,1,1,1,1,1,0,0,1,1,1,0,0,0,0,0,1,0,0,1,0,0,0,0,0,0,0,-6,"LA",TRUE
"405",2022103010,1,1,10,12,22,"SINGLEBACK","3x1",9.5,"3-6 min","local",1,0,1,1,1,0,1,0,0,0,1,0,0,0,0,0,1,1,0,0,0,0,1,1,1,0,0,0,"LA",TRUE
"406",2022110609,1,3,3,32,78,"EMPTY","3x2",5.91666666666667,"9-12 min","visitante",1,1,1,0,1,0,1,0,0,0,0,1,0,0,0,0,1,1,0,0,1,0,0,0,1,0,1,-3,"LA",TRUE
"407",2022110609,1,1,10,20,90,"SHOTGUN","3x1",0.333333333333333,"12-15 min","visitante",1,0,1,1,1,0,1,0,0,0,1,0,1,0,0,0,0,1,0,0,0,0,0,0,1,1,1,-3,"LA",TRUE
"408",2022110609,1,3,5,32,78,"EMPTY","3x2",14.1,"0-3 min","visitante",1,1,1,1,1,0,1,0,0,0,0,0,0,0,0,0,1,1,0,0,1,0,0,0,1,0,1,0,"LA",TRUE
"409",2022100912,3,1,10,40,50,"SINGLEBACK","2x2",6.1,"6-9 min","local",1,1,1,1,1,1,0,0,1,1,0,0,0,1,0,0,1,0,0,1,0,0,0,0,0,0,0,-9,"LA",TRUE
"410",2022101608,4,2,10,14,24,"SHOTGUN","2x1",5.33333333333333,"9-12 min","local",1,1,1,0,1,0,0,0,1,0,0,1,0,0,1,0,1,1,0,1,0,0,0,1,0,0,0,14,"LA",TRUE
"411",2022103010,3,2,7,28,38,"SHOTGUN","2x2",1.13333333333333,"12-15 min","local",1,1,1,1,1,0,1,0,0,0,1,0,0,0,0,0,1,1,0,0,0,0,1,1,0,0,0,-3,"LA",TRUE
"412",2022091807,3,1,10,21,31,"I_FORM","2x1",3.26666666666667,"9-12 min","local",1,1,1,1,1,1,0,1,1,1,1,0,0,0,0,0,1,0,0,0,0,0,0,0,0,0,0,18,"LA",TRUE
"413",2022103010,4,2,6,13,97,"SHOTGUN","2x2",2,"12-15 min","local",1,1,1,1,1,0,1,0,0,0,1,0,0,0,0,0,1,1,0,0,1,0,0,1,0,0,0,-17,"LA",FALSE
"414",2022101608,2,2,1,16,26,"SINGLEBACK","2x2",15,"0-3 min","local",1,1,1,1,1,1,0,0,0,0,0,0,0,0,1,0,1,1,0,1,0,0,1,0,0,0,0,-3,"LA",FALSE
"415",2022100300,4,3,10,21,89,"SHOTGUN","3x1",13.6166666666667,"0-3 min","visitante",1,1,1,1,1,1,0,0,1,0,0,0,0,0,1,0,1,1,0,1,0,0,0,0,0,0,0,-8,"LA",TRUE
"416",2022101608,4,2,6,43,67,"SINGLEBACK","2x2",11.8166666666667,"3-6 min","local",1,1,1,1,1,0,0,0,1,0,1,0,0,0,0,0,1,1,0,1,0,0,0,1,0,0,0,7,"rival",FALSE
"417",2022101608,2,1,10,27,37,"SINGLEBACK","3x1",11.5333333333333,"3-6 min","local",1,1,1,0,1,0,0,0,1,0,0,0,0,0,1,0,1,1,1,1,0,0,0,1,0,0,0,-3,"LA",TRUE
"418",2022100912,2,2,13,22,32,"SHOTGUN","2x1",7.26666666666667,"6-9 min","local",1,1,1,1,1,1,0,0,1,1,1,0,0,0,0,0,1,0,0,1,0,0,0,0,0,0,0,-6,"LA",TRUE
"419",2022103010,1,2,10,34,76,"SHOTGUN","2x1",3.85,"9-12 min","local",1,1,1,0,1,0,1,0,1,0,0,1,0,0,0,0,1,1,0,0,0,0,0,1,1,0,0,0,"rival",FALSE
"420",2022103010,1,2,2,2,108,"SINGLEBACK","2x2",1.08333333333333,"12-15 min","local",1,1,1,0,1,0,1,0,0,0,1,1,0,0,0,0,1,1,0,0,1,0,0,1,0,0,0,0,"rival",TRUE
"421",2022103010,1,1,10,34,76,"SINGLEBACK","3x1",3.96666666666667,"9-12 min","local",1,1,1,0,1,0,1,0,0,0,1,1,0,0,0,0,1,1,0,0,0,0,1,1,0,0,0,0,"rival",TRUE
"422",2022101608,2,1,10,15,95,"SINGLEBACK","3x1",5.11666666666667,"9-12 min","local",1,1,1,1,1,0,0,0,1,0,0,0,0,0,1,0,1,1,0,1,0,0,0,1,0,0,0,-3,"rival",FALSE
"423",2022101608,3,2,5,47,63,"SINGLEBACK","3x1",9.26666666666667,"3-6 min","local",1,1,1,1,1,0,0,0,1,0,1,0,0,0,0,0,1,1,0,1,0,0,0,1,0,0,0,-3,"LA",FALSE
"424",2022090800,4,1,10,44,54,"SHOTGUN","2x2",2.66666666666667,"12-15 min","local",1,0,1,0,1,1,1,1,0,1,1,1,1,1,0,0,0,0,0,0,0,0,0,0,0,0,0,-21,"rival",TRUE
"425",2022100912,4,3,19,38,48,"EMPTY","3x2",14.3,"0-3 min","local",1,1,1,1,1,1,0,0,1,1,1,0,0,0,0,0,1,0,0,1,0,0,0,0,0,0,0,-9,"rival",TRUE
"426",2022100300,3,1,10,34,44,"SHOTGUN","2x2",10.6833333333333,"3-6 min","visitante",1,1,1,1,1,1,0,0,1,0,1,0,0,0,0,0,1,1,0,1,0,0,0,0,0,0,0,-8,"LA",TRUE
"427",2022100912,3,1,10,29,81,"SINGLEBACK","3x1",0.5,"12-15 min","local",1,1,1,1,1,1,0,0,0,1,1,0,1,0,0,0,1,0,0,1,0,0,0,0,0,0,0,-9,"rival",TRUE
"428",2022090800,4,2,4,40,70,"SHOTGUN","2x2",7.48333333333333,"6-9 min","local",1,1,1,1,1,1,1,1,1,1,1,0,0,0,0,0,0,0,0,0,0,0,0,0,0,0,0,-21,"LA",TRUE
"429",2022103010,2,2,5,21,31,"SHOTGUN","3x1",8.05,"6-9 min","local",1,1,1,1,1,0,1,0,0,0,0,0,0,0,1,0,1,1,0,0,0,0,1,1,0,0,0,0,"rival",TRUE
"430",2022103010,2,1,10,44,66,"SINGLEBACK","2x2",10.1666666666667,"3-6 min","local",1,0,1,1,1,0,1,0,1,0,1,0,0,0,0,0,1,1,0,0,0,0,0,1,1,0,0,0,"LA",TRUE
"431",2022092510,3,2,5,30,40,"SINGLEBACK","3x1",14.5166666666667,"0-3 min","visitante",1,1,1,1,1,1,0,1,0,1,1,0,1,0,0,0,1,0,0,0,0,0,0,0,0,0,0,7,"LA",TRUE
"432",2022100912,3,1,10,46,64,"SINGLEBACK","2x2",4.05,"9-12 min","local",1,0,1,1,1,1,0,0,1,1,1,0,0,1,0,0,1,0,0,1,0,0,0,0,0,0,0,-9,"rival",TRUE
"433",2022110609,4,3,15,17,93,"SHOTGUN","3x1",6.55,"6-9 min","visitante",1,1,1,1,1,0,1,0,0,0,0,0,0,0,0,0,1,1,0,0,1,0,0,0,1,0,1,4,"LA",TRUE
"434",2022110609,2,2,6,15,25,"PISTOL","2x1",8.65,"6-9 min","visitante",1,1,1,1,1,0,1,0,1,0,1,0,0,0,0,0,1,1,0,0,0,0,0,0,0,0,1,4,"LA",FALSE
"435",2022090800,2,3,1,31,41,"SINGLEBACK","3x1",0.65,"12-15 min","local",1,1,1,1,1,1,1,1,0,1,1,0,1,0,0,0,0,0,0,0,0,0,0,0,0,0,0,-3,"rival",TRUE
"436",2022090800,1,2,10,17,27,"SHOTGUN","2x2",9.06666666666667,"3-6 min","local",1,1,1,1,1,1,1,1,1,1,1,0,0,0,0,0,0,0,0,0,0,0,0,0,0,0,0,-7,"LA",FALSE
"437",2022090800,3,1,10,25,35,"SINGLEBACK","3x1",7.98333333333333,"6-9 min","local",1,1,1,1,1,1,1,1,1,1,1,0,0,0,0,0,0,0,0,0,0,0,0,0,0,0,0,-7,"LA",TRUE
"438",2022091807,2,1,10,26,36,"SHOTGUN","2x2",1.08333333333333,"12-15 min","local",1,1,1,1,1,1,0,1,1,1,1,0,0,0,0,0,1,0,0,0,0,0,0,0,0,0,0,11,"rival",TRUE
"439",2022100912,1,1,10,11,21,"SINGLEBACK","2x2",6.3,"6-9 min","local",1,0,1,1,1,1,0,0,0,1,1,0,1,0,1,0,1,0,0,1,0,0,0,0,0,0,0,-9,"rival",FALSE
"440",2022101608,1,2,6,39,71,"SHOTGUN","2x2",7.81666666666667,"6-9 min","local",1,1,1,1,1,1,0,0,1,0,0,0,0,0,1,0,1,1,0,1,0,0,0,0,0,0,0,-3,"LA",TRUE
"441",2022090800,4,1,10,34,76,"SHOTGUN","2x2",4.08333333333333,"9-12 min","local",1,1,1,1,1,1,1,1,1,1,1,0,0,0,0,0,0,0,0,0,0,0,0,0,0,0,0,-21,"LA",TRUE
"442",2022103010,1,1,10,32,42,"SHOTGUN","2x2",8.76666666666667,"6-9 min","local",1,1,1,1,1,0,1,0,0,0,0,0,0,0,0,0,1,1,0,0,1,0,0,1,1,0,0,0,"LA",TRUE
"443",2022091807,2,3,2,11,21,"SHOTGUN","2x2",10.2166666666667,"3-6 min","local",1,1,1,1,1,1,0,1,1,1,1,0,0,0,0,0,1,0,0,0,0,0,0,0,0,0,0,7,"rival",FALSE
"444",2022100912,1,2,6,29,81,"I_FORM","2x1",12.8,"0-3 min","local",1,0,1,1,1,1,0,0,0,1,1,0,1,0,1,0,1,0,0,1,0,0,0,0,0,0,0,-6,"LA",FALSE
"445",2022101608,2,2,7,38,72,"SHOTGUN","2x2",7.53333333333333,"6-9 min","local",1,1,1,0,1,0,0,0,1,0,1,0,0,0,0,0,1,1,1,1,0,0,0,1,0,0,0,-3,"rival",TRUE
"446",2022110609,3,1,10,10,100,"SHOTGUN","2x2",2.35,"12-15 min","visitante",1,1,1,1,1,0,1,0,1,0,0,1,0,0,0,0,1,1,0,0,0,0,0,0,0,0,1,4,"rival",FALSE
"447",2022103010,1,3,3,37,73,"EMPTY","3x2",4.58333333333333,"9-12 min","local",1,1,1,0,1,0,1,0,1,0,1,0,0,0,0,0,1,1,0,0,0,0,0,1,1,0,0,0,"rival",TRUE
"448",2022103010,2,1,10,25,85,"I_FORM","2x1",1,"12-15 min","local",1,1,1,1,1,0,1,0,0,0,1,0,0,0,0,0,1,1,0,0,0,0,1,1,0,0,0,4,"LA",FALSE
"449",2022110609,4,1,15,20,90,"EMPTY","3x2",0.15,"12-15 min","visitante",1,1,1,0,1,0,1,0,0,0,1,0,0,0,1,0,1,1,0,0,0,0,0,0,1,0,1,-3,"LA",TRUE
"450",2022103010,2,3,1,17,27,"SINGLEBACK","2x2",7.35,"6-9 min","local",1,1,1,1,1,0,1,0,0,0,1,0,0,0,0,0,1,1,0,0,0,0,1,1,0,0,0,0,"rival",FALSE
"451",2022100300,2,3,13,30,80,"SHOTGUN","3x1",0.75,"12-15 min","visitante",1,1,1,1,1,1,0,0,1,0,1,0,0,0,0,0,1,1,0,1,0,0,0,0,0,0,0,-8,"LA",TRUE
"452",2022103010,1,3,10,29,39,"SHOTGUN","3x1",14.2333333333333,"0-3 min","local",1,1,1,1,1,0,1,0,0,0,0,0,0,0,0,0,1,1,0,0,0,0,1,1,1,0,0,0,"LA",TRUE
"453",2022100300,3,1,10,22,88,"SHOTGUN","2x2",6.8,"6-9 min","visitante",1,1,1,1,1,1,0,0,0,0,1,0,1,0,0,0,1,1,0,1,0,0,0,0,0,0,0,-8,"rival",TRUE
"454",2022101608,4,1,10,39,49,"EMPTY","3x2",13.5333333333333,"0-3 min","local",1,1,1,1,1,0,0,0,1,0,1,0,0,0,0,0,1,1,0,1,0,0,0,1,0,0,0,7,"LA",TRUE
"455",2022091807,3,3,1,31,79,"SINGLEBACK","2x1",11.4666666666667,"3-6 min","local",1,0,1,1,1,1,0,1,0,1,0,1,1,0,0,0,1,1,0,0,0,0,0,0,0,0,0,18,"rival",FALSE
"456",2022100300,2,2,4,45,55,"SINGLEBACK","2x2",9.28333333333333,"3-6 min","visitante",1,1,1,1,1,1,0,0,0,0,0,0,1,0,0,0,1,1,1,1,0,0,0,0,0,0,0,-4,"rival",TRUE
"457",2022110609,4,1,10,22,88,"SINGLEBACK","2x2",8.05,"6-9 min","visitante",1,1,1,1,1,0,1,0,0,0,1,0,1,0,0,0,1,1,0,0,0,0,0,0,0,0,1,4,"LA",FALSE
"458",2022091807,1,2,6,6,104,"SHOTGUN","2x2",2.55,"12-15 min","local",1,1,1,1,1,1,0,1,0,1,1,0,1,0,0,0,1,0,0,0,0,0,0,0,0,0,0,0,"rival",TRUE
"459",2022110609,2,1,10,19,29,"SINGLEBACK","2x2",11.2333333333333,"3-6 min","visitante",1,0,1,1,1,0,1,0,1,0,1,0,0,0,0,0,1,1,0,0,0,0,0,0,1,0,1,4,"LA",TRUE
"460",2022092510,3,1,10,25,35,"SINGLEBACK","3x1",15,"0-3 min","visitante",1,1,1,1,1,1,0,1,0,1,1,0,1,0,0,0,1,0,0,0,0,0,0,0,0,0,0,7,"LA",FALSE
"461",2022103010,4,1,10,21,89,"EMPTY","3x2",6.61666666666667,"6-9 min","local",1,1,1,1,1,0,1,0,1,0,1,0,0,0,0,0,1,1,0,0,0,0,0,1,0,0,0,-17,"LA",TRUE
"462",2022090800,4,1,10,32,78,"SHOTGUN","2x2",12.8833333333333,"0-3 min","local",1,1,1,1,1,1,1,1,0,1,1,0,1,0,0,0,0,0,0,0,0,0,0,0,0,0,0,-14,"LA",FALSE
"463",2022090800,1,2,9,43,53,"EMPTY","4x1",7.38333333333333,"6-9 min","local",1,1,1,1,1,1,1,1,1,1,1,0,0,0,0,0,0,0,0,0,0,0,0,0,0,0,0,-7,"LA",TRUE
"464",2022100912,4,2,9,21,31,"SHOTGUN","3x1",4.1,"9-12 min","local",1,1,1,1,1,1,0,0,1,0,1,0,0,0,0,0,1,1,0,1,0,0,0,0,0,0,0,-12,"rival",TRUE
"465",2022110609,1,3,1,18,92,"SINGLEBACK","2x2",0.966666666666667,"12-15 min","visitante",1,1,1,1,1,0,1,0,0,0,1,0,1,0,0,0,0,1,0,0,0,0,0,0,0,1,1,-3,"LA",FALSE
"466",2022101608,3,1,10,23,87,"I_FORM","2x1",10.6833333333333,"3-6 min","local",1,1,1,1,1,0,0,0,1,0,1,0,0,0,0,0,1,1,0,1,0,0,0,1,0,0,0,-3,"LA",TRUE
