"","gameId","quarter","down","yardsToGo","yardlineNumber","absoluteYardlineNumber","offenseFormation","receiverAlignment","gameClock_mod","timeCategory","estadio","nflId_37077","nflId_37130","nflId_38779","nflId_39983","nflId_42367","nflId_44917","nflId_44949","nflId_46103","nflId_47784","nflId_47808","nflId_48646","nflId_42398","nflId_43845","nflId_52630","nflId_47845","nflId_42476","nflId_47980","nflId_52480","nflId_52778","nflId_54680","nflId_39965","nflId_46526","nflId_54520","nflId_53478","nflId_54666","nflId_46293","nflId_39973","nflId_46090","nflId_43808","nflId_47821","diferencia","yardlineSide_mod","isDropback"
"2",2022092510,3,1,10,11,99,"EMPTY","3x2",12.95,"0-3 min","local",0,1,1,1,1,1,0,1,1,1,1,0,0,0,1,0,0,0,0,0,1,0,0,0,0,0,0,0,0,0,-7,"ARI",TRUE
"3",2022091811,4,2,3,3,13,"SHOTGUN","3x1",0.183333333333333,"12-15 min","visitante",1,1,1,1,1,0,0,1,1,1,1,0,0,0,0,0,0,0,0,0,1,1,0,0,0,0,0,0,0,0,-8,"rival",TRUE
"4",2022091110,1,1,10,25,35,"SHOTGUN","2x1",3.33333333333333,"9-12 min","local",1,1,1,0,1,1,1,1,1,1,0,1,1,0,0,0,0,0,0,0,0,0,0,0,0,0,0,0,0,0,-14,"ARI",FALSE
"5",2022092510,3,2,5,16,94,"SHOTGUN","3x1",12.4666666666667,"0-3 min","local",0,1,1,1,1,1,0,1,1,1,1,0,0,0,1,0,0,0,0,0,1,0,0,0,0,0,0,0,0,0,-7,"ARI",TRUE
"6",2022100911,4,1,10,47,57,"SHOTGUN","2x2",0.933333333333333,"12-15 min","local",1,0,1,1,1,0,1,1,1,1,0,0,0,1,0,0,0,0,0,0,1,0,0,1,0,0,0,0,0,0,-3,"rival",TRUE
"7",2022100203,4,1,10,10,100,"SINGLEBACK","3x1",15,"0-3 min","visitante",0,1,1,1,1,1,0,1,1,1,0,1,0,0,0,1,0,0,0,0,0,0,1,0,0,0,0,0,0,0,0,"rival",FALSE
"8",2022091811,4,1,1,1,11,"SINGLEBACK","2x2",8.28333333333333,"6-9 min","visitante",1,1,1,1,1,0,0,1,1,0,0,1,1,0,0,0,0,0,0,0,1,1,0,0,0,0,0,0,0,0,-16,"rival",FALSE
"9",2022102000,4,1,10,15,25,"SHOTGUN","3x1",14.3666666666667,"0-3 min","local",0,0,1,1,1,0,0,1,1,0,1,0,0,1,0,0,0,0,0,0,0,0,0,1,0,0,1,1,0,1,18,"ARI",FALSE
"10",2022100911,2,1,10,25,85,"SHOTGUN","2x1",10.1833333333333,"3-6 min","local",1,0,1,1,1,1,1,1,1,1,0,0,0,0,0,0,0,0,0,0,1,0,1,0,0,0,0,0,0,0,-14,"ARI",TRUE
"11",2022092510,2,4,1,39,49,"SHOTGUN","3x1",9.18333333333333,"3-6 min","local",0,1,1,1,1,1,0,1,1,1,0,1,0,0,1,0,0,0,0,0,1,0,0,0,0,0,0,0,0,0,-13,"ARI",FALSE
"12",2022103005,3,1,5,19,91,"PISTOL","2x1",0.266666666666667,"12-15 min","visitante",1,0,1,0,0,0,0,1,1,0,0,0,0,1,0,0,0,1,0,0,0,0,1,1,0,0,1,1,0,1,-5,"rival",FALSE
"13",2022091110,2,1,10,23,33,"SHOTGUN","3x1",13.8666666666667,"0-3 min","local",1,1,1,0,1,1,1,1,1,1,1,0,0,0,1,0,0,0,0,0,0,0,0,0,0,0,0,0,0,0,-14,"rival",FALSE
"14",2022100203,2,1,10,44,66,"SHOTGUN","3x1",6.51666666666667,"6-9 min","visitante",0,1,1,1,1,1,0,1,1,1,0,1,0,0,0,1,0,0,0,0,0,0,0,1,0,0,0,0,0,0,-7,"rival",FALSE
"15",2022100911,4,2,5,42,52,"SHOTGUN","3x1",0.866666666666667,"12-15 min","local",1,0,1,1,1,0,1,1,1,1,0,0,0,1,0,0,0,0,0,0,1,0,0,1,0,0,0,0,0,0,-3,"rival",TRUE
"16",2022103005,1,2,10,49,59,"SHOTGUN","1x1",1.31666666666667,"12-15 min","visitante",0,0,1,1,0,0,0,1,1,0,0,0,0,0,0,0,0,1,0,0,0,1,1,1,0,0,1,1,0,1,-4,"rival",TRUE
"17",2022100203,4,1,10,37,73,"SINGLEBACK","2x2",3.23333333333333,"9-12 min","visitante",0,1,1,0,1,1,1,0,1,1,0,1,0,0,0,1,0,0,0,0,0,0,1,1,0,0,0,0,0,0,10,"rival",FALSE
"19",2022091811,3,3,5,5,105,"SHOTGUN","3x1",6.13333333333333,"6-9 min","visitante",1,1,1,1,1,0,0,1,1,1,1,0,0,0,0,0,0,0,0,0,1,1,0,0,0,0,0,0,0,0,-20,"rival",TRUE
"20",2022103005,2,2,3,19,91,"SHOTGUN","2x1",1.15,"12-15 min","visitante",1,0,1,0,0,0,0,1,1,0,0,0,0,0,0,0,0,1,0,0,0,1,1,1,0,0,1,1,0,1,-11,"rival",FALSE
"21",2022101609,1,1,10,25,85,"SINGLEBACK","3x1",6.68333333333333,"6-9 min","visitante",1,0,1,1,1,0,1,1,1,1,0,0,0,1,0,0,0,0,0,0,1,0,0,1,0,0,0,0,0,0,0,"ARI",FALSE
"22",2022110608,2,1,10,40,70,"I_FORM","2x1",6.68333333333333,"6-9 min","local",0,0,1,1,1,1,0,0,1,0,0,0,1,0,0,0,0,0,0,1,0,0,1,0,0,0,1,1,0,1,-3,"ARI",TRUE
"23",2022100203,1,3,4,30,80,"SHOTGUN","3x1",13.2833333333333,"0-3 min","visitante",0,1,1,1,1,1,0,1,1,1,1,0,0,0,0,0,0,0,0,0,1,0,0,1,0,0,0,0,0,0,0,"ARI",TRUE
"24",2022091811,5,1,10,25,85,"SHOTGUN","3x1",10,"3-6 min","visitante",1,1,1,1,1,0,0,1,1,1,1,0,0,1,0,0,0,0,0,0,1,0,0,0,0,0,0,0,0,0,0,"ARI",TRUE
"25",2022100911,4,2,1,19,91,"SHOTGUN","2x2",15,"0-3 min","local",0,0,1,1,1,0,1,1,1,1,0,0,0,1,0,0,0,0,0,0,1,0,1,1,0,0,0,0,0,0,-7,"ARI",FALSE
"26",2022100203,3,1,10,38,72,"SINGLEBACK","3x1",4.93333333333333,"9-12 min","visitante",0,1,1,0,1,0,0,1,1,1,0,1,0,0,1,1,0,0,0,0,0,1,0,1,0,0,0,0,0,0,0,"ARI",FALSE
"27",2022091110,2,1,10,35,45,"SHOTGUN","3x1",15,"0-3 min","local",1,1,1,1,1,1,1,1,1,1,1,0,0,0,0,0,0,0,0,0,0,0,0,0,0,0,0,0,0,0,-14,"rival",TRUE
"28",2022092510,2,1,10,25,35,"SHOTGUN","2x2",13.3833333333333,"0-3 min","local",1,1,1,1,1,1,0,1,1,1,0,1,0,0,0,0,0,0,0,0,1,0,0,0,0,0,0,0,0,0,-13,"ARI",TRUE
"29",2022110608,4,1,4,4,106,"SINGLEBACK","3x1",3.88333333333333,"9-12 min","local",0,0,1,1,1,1,0,0,1,0,1,0,0,0,0,0,0,0,0,1,0,0,0,0,0,0,1,1,1,1,-10,"rival",FALSE
"30",2022103005,4,3,17,44,54,"SHOTGUN","2x2",0.166666666666667,"12-15 min","visitante",0,0,1,1,0,0,0,1,1,0,1,0,0,0,0,0,0,1,0,0,0,1,0,1,0,0,1,1,0,1,-8,"rival",TRUE
"31",2022100911,1,1,10,12,22,"SHOTGUN","3x1",6.08333333333333,"6-9 min","local",1,0,1,1,1,0,1,1,1,1,0,0,0,1,0,0,0,0,0,0,1,0,0,1,0,0,0,0,0,0,-7,"ARI",FALSE
"32",2022091811,1,1,10,38,72,"PISTOL","2x1",3.36666666666667,"9-12 min","visitante",1,1,1,1,0,0,0,1,1,1,1,0,0,1,0,0,0,1,0,0,1,0,0,0,0,0,0,0,0,0,-7,"ARI",FALSE
"33",2022091110,4,1,10,36,46,"SHOTGUN","2x2",1.18333333333333,"12-15 min","local",0,0,0,0,1,0,1,0,0,1,1,0,0,1,1,1,1,1,1,1,0,0,0,0,0,0,0,0,0,0,-23,"ARI",TRUE
"34",2022101609,4,4,3,14,24,"SHOTGUN","3x1",6.16666666666667,"6-9 min","visitante",1,0,1,1,1,0,1,1,1,1,0,0,0,1,0,1,0,0,0,0,0,0,0,1,0,0,0,0,0,0,-10,"ARI",TRUE
"35",2022101609,3,4,2,27,37,"SHOTGUN","2x2",9.31666666666667,"3-6 min","visitante",1,0,1,1,1,0,1,1,1,1,0,0,0,1,0,1,0,0,0,0,0,0,0,1,0,0,0,0,0,0,-6,"rival",TRUE
"36",2022101609,3,1,10,35,45,"SHOTGUN","3x1",11.3333333333333,"3-6 min","visitante",0,0,1,1,1,0,1,1,1,1,0,0,0,1,0,1,0,0,0,0,0,0,1,1,0,0,0,0,0,0,-6,"rival",FALSE
"37",2022102000,3,1,10,15,95,"SHOTGUN","3x1",7,"6-9 min","local",0,0,1,1,1,0,0,1,1,0,1,0,0,0,0,0,0,0,0,0,0,0,0,1,1,0,1,1,0,1,11,"ARI",FALSE
"38",2022103005,4,2,6,23,87,"SHOTGUN","2x2",3.98333333333333,"9-12 min","visitante",0,0,1,1,0,0,0,1,1,0,1,0,0,1,0,0,0,1,0,0,0,0,0,1,0,0,1,1,0,1,-8,"ARI",TRUE
"39",2022101609,2,3,8,49,61,"EMPTY","3x2",4.03333333333333,"9-12 min","visitante",1,0,1,1,1,0,1,1,1,1,0,0,0,1,0,1,0,0,0,0,0,0,0,1,0,0,0,0,0,0,-3,"rival",TRUE
"40",2022092510,2,2,10,41,51,"SHOTGUN","3x1",8.33333333333333,"6-9 min","local",1,1,1,1,1,0,0,1,1,1,1,0,0,1,0,0,0,0,0,0,1,0,0,0,0,0,0,0,0,0,-13,"ARI",FALSE
"41",2022110608,1,3,1,29,39,"SHOTGUN","3x1",4.05,"9-12 min","local",0,0,1,1,1,1,0,0,1,0,0,0,0,0,0,0,0,0,0,1,0,0,1,1,0,0,1,1,0,1,4,"ARI",FALSE
"42",2022102000,3,2,13,12,98,"SHOTGUN","2x2",6.31666666666667,"6-9 min","local",0,0,1,1,1,0,0,1,1,0,0,0,0,0,0,0,0,0,0,0,0,0,1,1,1,0,1,1,0,1,11,"ARI",TRUE
"43",2022110608,4,2,4,44,54,"SHOTGUN","2x2",6.21666666666667,"6-9 min","local",0,0,1,1,1,1,0,0,1,0,0,0,0,0,0,0,0,0,0,1,0,0,0,1,0,0,1,1,1,1,-10,"ARI",TRUE
"44",2022092510,2,1,10,38,48,"EMPTY","3x2",0.633333333333333,"12-15 min","local",0,1,1,1,1,0,0,1,1,1,1,0,0,0,1,1,0,0,0,0,0,1,0,0,0,0,0,0,0,0,-10,"ARI",TRUE
"45",2022103005,4,1,10,13,23,"EMPTY","3x2",14.05,"0-3 min","visitante",1,0,1,1,0,0,0,1,1,0,0,0,0,0,0,0,0,1,0,0,0,1,0,1,0,0,1,1,0,1,-5,"rival",TRUE
"46",2022100911,2,1,10,47,57,"EMPTY","3x2",1.38333333333333,"12-15 min","local",0,0,1,1,1,0,1,1,1,1,0,0,0,0,0,0,0,0,1,0,1,1,0,1,0,0,0,0,0,0,-7,"rival",TRUE
"47",2022110608,2,2,8,12,98,"EMPTY","3x2",11.2666666666667,"3-6 min","local",0,0,1,1,1,0,0,0,1,0,0,0,0,1,0,0,0,0,0,1,0,0,1,1,0,0,1,1,0,1,-3,"ARI",TRUE
"48",2022100203,4,3,2,23,87,"SHOTGUN","2x2",7.73333333333333,"6-9 min","visitante",0,1,1,1,1,0,1,0,1,1,0,0,0,0,0,1,0,0,0,0,0,1,1,1,0,0,0,0,0,0,10,"rival",TRUE
"49",2022110608,2,1,10,46,56,"EMPTY","3x2",0.9,"12-15 min","local",0,0,1,1,1,1,0,0,1,0,0,0,0,0,0,0,0,0,0,1,0,0,0,1,0,0,1,1,1,1,-3,"rival",TRUE
"50",2022091811,4,1,10,20,30,"SHOTGUN","3x1",14.2,"0-3 min","visitante",1,1,1,1,1,0,0,1,1,1,0,0,1,1,0,0,0,0,0,0,1,0,0,0,0,0,0,0,0,0,-16,"rival",TRUE
"51",2022100911,3,2,5,40,50,"SHOTGUN","3x1",7.13333333333333,"6-9 min","local",0,0,1,1,1,0,1,1,1,1,0,0,0,0,0,0,0,0,1,0,1,1,0,1,0,0,0,0,0,0,-7,"ARI",FALSE
"52",2022092510,2,1,10,47,63,"SHOTGUN","3x1",6.45,"6-9 min","local",1,1,1,1,1,1,0,1,1,1,1,0,0,0,0,0,0,0,0,0,1,0,0,0,0,0,0,0,0,0,-13,"rival",TRUE
"53",2022100203,2,4,1,42,52,"SHOTGUN","3x1",9.05,"3-6 min","visitante",0,1,1,0,1,0,0,1,1,1,1,0,0,0,0,1,0,0,0,0,0,1,1,1,0,0,0,0,0,0,-7,"ARI",TRUE
"55",2022100911,3,3,3,42,52,"EMPTY","3x2",6.56666666666667,"6-9 min","local",1,0,1,1,1,0,1,1,1,1,0,0,0,1,0,0,0,0,0,0,1,0,0,1,0,0,0,0,0,0,-7,"ARI",TRUE
"56",2022100911,1,1,10,26,36,"SHOTGUN","2x2",5.33333333333333,"9-12 min","local",1,0,1,1,1,0,1,1,1,1,0,0,0,1,0,0,0,0,0,0,1,0,0,1,0,0,0,0,0,0,-7,"ARI",TRUE
"57",2022092510,3,1,10,43,67,"SHOTGUN","2x2",9.1,"3-6 min","local",0,1,1,1,1,0,0,1,1,1,1,0,0,0,1,0,0,0,0,0,1,1,0,0,0,0,0,0,0,0,-7,"ARI",FALSE
"58",2022110608,3,1,10,43,67,"EMPTY","3x2",1.23333333333333,"12-15 min","local",0,0,1,1,1,1,0,0,1,0,0,0,0,0,0,0,0,0,0,1,0,0,0,1,0,0,1,1,1,1,-3,"ARI",TRUE
"59",2022103005,4,1,19,39,71,"SHOTGUN","3x1",0.816666666666667,"12-15 min","visitante",0,0,1,1,0,0,0,1,1,0,1,0,0,0,0,0,0,1,0,0,0,1,0,1,0,0,1,1,0,1,-8,"ARI",TRUE
"60",2022100203,2,1,10,16,26,"EMPTY","3x2",14.85,"0-3 min","visitante",0,1,1,1,1,1,0,1,1,1,1,0,0,0,0,1,0,0,0,0,0,0,0,1,0,0,0,0,0,0,0,"ARI",TRUE
"61",2022100911,2,2,2,13,23,"SHOTGUN","2x2",0.316666666666667,"12-15 min","local",1,0,1,1,1,0,1,1,1,1,0,0,0,1,0,0,0,0,0,0,1,0,0,1,0,0,0,0,0,0,-7,"rival",TRUE
"62",2022100203,3,1,11,11,21,"SHOTGUN","3x1",9.16666666666667,"3-6 min","visitante",0,1,1,1,1,0,0,1,1,1,1,0,0,1,0,1,0,0,0,0,0,0,0,1,0,0,0,0,0,0,-7,"rival",FALSE
"63",2022092510,2,1,10,49,59,"EMPTY","3x2",0.483333333333333,"12-15 min","local",0,1,1,1,1,0,0,1,1,1,1,0,0,0,1,1,0,0,0,0,0,1,0,0,0,0,0,0,0,0,-10,"ARI",TRUE
"64",2022103005,2,1,10,14,96,"SHOTGUN","2x2",1.05,"12-15 min","visitante",1,0,1,1,0,0,0,1,1,0,0,0,0,0,0,0,0,1,0,0,0,1,0,1,0,0,1,1,0,1,-11,"rival",FALSE
"65",2022101609,1,2,7,22,88,"SHOTGUN","3x1",14.35,"0-3 min","visitante",0,0,1,1,1,0,1,1,1,1,0,0,0,1,0,0,0,0,0,0,1,0,1,1,0,0,0,0,0,0,0,"ARI",FALSE
"66",2022092510,1,1,10,25,85,"SHOTGUN","2x1",9.75,"3-6 min","local",1,1,1,1,1,1,0,1,1,1,0,0,0,1,0,0,0,0,0,0,1,0,0,0,0,0,0,0,0,0,-3,"ARI",FALSE
"67",2022100911,4,1,10,25,85,"SHOTGUN","3x1",1.75,"12-15 min","local",1,0,1,1,1,0,1,1,1,1,0,0,0,1,0,0,0,0,0,0,1,0,0,1,0,0,0,0,0,0,-3,"ARI",FALSE
"68",2022100203,1,1,10,34,76,"I_FORM","2x1",6.46666666666667,"6-9 min","visitante",0,1,1,1,1,1,0,1,1,1,0,0,0,0,0,0,0,0,0,0,1,0,1,1,0,0,0,0,0,0,0,"ARI",FALSE
"69",2022092510,2,2,14,45,55,"SHOTGUN","3x1",0.25,"12-15 min","local",0,1,1,1,1,0,0,1,1,1,1,0,0,0,1,1,0,0,0,0,0,1,0,0,0,0,0,0,0,0,-10,"ARI",TRUE
"70",2022102000,2,1,10,25,85,"PISTOL","2x1",10.4833333333333,"3-6 min","local",0,0,1,1,1,0,0,1,1,0,0,0,0,0,0,0,0,0,0,0,0,0,1,0,1,0,1,1,1,1,-8,"ARI",FALSE
"71",2022100911,4,3,8,42,68,"EMPTY","4x1",1.25,"12-15 min","local",1,0,1,1,1,0,1,1,1,1,0,0,0,1,0,0,0,0,0,0,1,0,0,1,0,0,0,0,0,0,-3,"ARI",TRUE
"72",2022092510,2,1,3,3,107,"WILDCAT","3x1",2.78333333333333,"12-15 min","local",0,1,1,1,1,1,0,1,1,1,0,1,1,0,0,1,0,0,0,0,0,0,0,0,0,0,0,0,0,0,-13,"rival",FALSE
"73",2022100203,3,2,10,38,72,"SHOTGUN","2x2",4.21666666666667,"9-12 min","visitante",0,1,1,1,1,0,0,1,1,1,0,0,0,0,0,1,0,0,0,0,0,1,1,1,0,0,0,0,0,0,0,"ARI",FALSE
"74",2022100203,3,2,15,6,104,"SHOTGUN","3x1",12.2166666666667,"0-3 min","visitante",0,1,1,1,1,1,0,1,1,1,1,0,0,0,0,1,0,0,0,0,0,0,0,1,0,0,0,0,0,0,-7,"ARI",TRUE
"75",2022103005,4,2,6,38,72,"SHOTGUN","3x1",3.55,"9-12 min","visitante",0,0,1,1,0,0,0,1,1,0,1,0,0,1,0,0,0,1,0,0,0,0,0,1,0,0,1,1,0,1,-8,"ARI",TRUE
"76",2022102000,4,2,6,40,50,"SHOTGUN","3x1",10.4333333333333,"3-6 min","local",0,0,1,1,1,0,0,1,1,0,0,0,0,1,0,0,0,0,0,0,0,0,0,1,0,0,1,1,1,1,11,"ARI",TRUE
"77",2022092510,3,3,10,25,85,"SHOTGUN","2x2",0.05,"12-15 min","local",0,1,1,1,1,0,0,1,1,0,1,0,0,0,1,0,0,0,1,0,1,1,0,0,0,0,0,0,0,0,-11,"ARI",TRUE
"78",2022091811,2,1,10,10,20,"SHOTGUN","2x2",6.88333333333333,"6-9 min","visitante",1,1,1,1,1,1,0,1,1,1,1,0,0,0,0,0,0,0,0,0,1,0,0,0,0,0,0,0,0,0,-17,"ARI",TRUE
"79",2022102000,1,1,10,18,92,"SHOTGUN","2x2",0.85,"12-15 min","local",0,0,1,1,1,0,0,1,1,0,1,0,0,1,0,1,0,0,0,0,0,0,0,1,0,0,1,1,0,0,-4,"rival",FALSE
"80",2022101609,1,1,10,37,47,"SINGLEBACK","3x1",2.3,"12-15 min","visitante",1,0,1,1,1,0,1,1,1,1,0,0,0,1,0,0,0,0,0,0,1,0,0,1,0,0,0,0,0,0,0,"rival",FALSE
"81",2022091110,3,2,10,25,85,"SHOTGUN","3x1",9.8,"3-6 min","local",1,1,1,1,1,0,1,1,1,0,1,0,0,1,1,0,0,0,0,0,0,0,0,0,0,0,0,0,0,0,-23,"ARI",FALSE
"82",2022091110,2,2,5,37,47,"SHOTGUN","3x1",0.883333333333333,"12-15 min","local",1,1,1,0,1,1,1,1,1,1,1,0,0,0,1,0,0,0,0,0,0,0,0,0,0,0,0,0,0,0,-13,"rival",TRUE
"83",2022092510,4,3,2,21,31,"SHOTGUN","3x1",5.66666666666667,"9-12 min","local",0,1,1,1,1,1,0,1,1,1,1,0,0,0,0,0,0,0,1,0,1,0,0,0,0,0,0,0,0,0,-11,"ARI",FALSE
"84",2022091110,2,1,10,42,52,"SHOTGUN","2x1",0.966666666666667,"12-15 min","local",1,1,1,0,1,1,1,1,1,1,1,0,1,0,0,0,0,0,0,0,0,0,0,0,0,0,0,0,0,0,-13,"rival",TRUE
"86",2022100911,4,2,8,42,68,"SHOTGUN","3x1",1.33333333333333,"12-15 min","local",1,0,1,1,1,0,1,1,1,1,0,0,0,1,0,0,0,0,0,0,1,0,0,1,0,0,0,0,0,0,-3,"ARI",TRUE
"87",2022103005,3,1,10,30,40,"SHOTGUN","3x1",4.11666666666667,"9-12 min","visitante",0,0,1,1,0,0,0,1,1,0,0,0,0,1,0,0,0,1,0,0,0,0,1,1,0,0,1,1,0,1,-11,"ARI",TRUE
"88",2022101609,4,1,10,31,79,"EMPTY","4x1",11.5833333333333,"3-6 min","visitante",0,0,1,1,1,0,1,1,1,1,0,0,0,1,0,1,0,0,0,0,0,0,0,1,0,1,0,0,0,0,-10,"rival",TRUE
"89",2022092510,4,1,10,47,57,"SHOTGUN","2x2",13.9,"0-3 min","local",0,1,1,1,1,1,0,1,1,1,1,0,0,0,0,0,0,0,1,0,1,0,0,0,0,0,0,0,0,0,-11,"ARI",TRUE
"90",2022092510,4,1,10,32,78,"SHOTGUN","3x1",12.9833333333333,"0-3 min","local",0,1,1,1,1,0,0,1,1,1,1,0,0,1,0,0,0,0,1,0,1,0,0,0,0,0,0,0,0,0,-11,"rival",FALSE
"91",2022092510,1,1,10,38,72,"PISTOL","3x1",3.31666666666667,"9-12 min","local",1,1,1,1,1,1,0,1,1,1,0,0,0,1,0,0,0,0,0,0,1,0,0,0,0,0,0,0,0,0,-10,"ARI",TRUE
"92",2022100203,2,3,6,37,47,"SHOTGUN","3x1",9.55,"3-6 min","visitante",0,1,1,1,1,0,0,1,1,1,1,0,0,0,0,1,0,0,0,0,0,1,0,1,0,0,0,0,0,0,-7,"ARI",TRUE
"93",2022102000,3,2,1,29,39,"SHOTGUN","3x1",2.35,"12-15 min","local",0,0,1,1,1,0,0,1,1,0,0,0,0,0,0,0,0,0,0,0,0,0,1,1,1,0,1,1,0,1,11,"rival",TRUE
"94",2022110608,4,4,15,21,31,"EMPTY","3x2",1.08333333333333,"12-15 min","local",0,0,1,1,1,0,0,0,1,0,0,0,0,1,0,0,0,0,0,1,0,0,0,1,0,0,1,1,1,1,-10,"ARI",TRUE
"95",2022102000,1,1,10,37,47,"SHOTGUN","3x1",1.48333333333333,"12-15 min","local",0,0,1,1,1,0,0,1,1,0,1,0,0,1,0,1,0,0,0,0,0,0,0,1,0,0,1,1,0,0,-4,"ARI",FALSE
"96",2022100911,2,1,10,32,42,"SHOTGUN","3x1",6.43333333333333,"6-9 min","local",1,0,1,1,1,1,1,1,1,1,0,0,0,0,0,0,0,0,0,0,1,0,1,0,0,0,0,0,0,0,-14,"rival",FALSE
"97",2022092510,4,2,10,13,23,"SHOTGUN","2x2",6.13333333333333,"6-9 min","local",0,1,1,1,1,1,0,1,1,1,1,0,0,0,0,0,0,0,1,0,1,0,0,0,0,0,0,0,0,0,-11,"ARI",TRUE
"98",2022102000,3,1,10,38,48,"SHOTGUN","2x2",2.68333333333333,"12-15 min","local",0,0,1,1,1,0,0,1,1,0,0,0,0,0,0,0,0,0,0,0,0,0,1,1,1,0,1,1,0,1,11,"rival",TRUE
"99",2022103005,3,1,8,8,102,"SHOTGUN","2x2",9.28333333333333,"3-6 min","visitante",1,0,1,1,0,0,0,1,1,0,0,0,0,1,0,0,0,1,0,0,0,0,0,1,0,0,1,1,0,1,-4,"rival",TRUE
"100",2022103005,2,1,10,28,38,"SHOTGUN","3x1",3.65,"9-12 min","visitante",1,0,1,1,0,0,0,1,1,0,0,0,0,1,0,0,0,1,0,0,0,0,0,1,0,0,1,1,0,1,-11,"ARI",FALSE
"101",2022092510,3,2,10,25,85,"SHOTGUN","2x1",0.166666666666667,"12-15 min","local",0,1,1,1,1,0,0,1,1,1,1,0,0,0,0,0,0,0,1,0,1,1,0,0,0,0,0,0,0,0,-11,"ARI",TRUE
"102",2022100911,2,3,7,28,82,"SHOTGUN","3x1",9.58333333333333,"3-6 min","local",1,0,1,1,1,1,1,1,1,1,0,0,0,0,0,0,0,0,0,0,1,0,0,1,0,0,0,0,0,0,-14,"ARI",TRUE
"103",2022100911,3,2,19,16,26,"SHOTGUN","2x2",8.88333333333333,"6-9 min","local",1,0,1,1,1,0,1,1,1,1,0,0,0,1,0,0,0,0,0,0,1,0,0,1,0,0,0,0,0,0,-7,"ARI",FALSE
"104",2022110608,4,3,10,43,53,"SHOTGUN","3x1",15,"0-3 min","local",0,0,1,1,1,1,0,0,1,0,0,0,0,0,0,0,0,0,0,1,0,0,0,1,0,0,1,1,1,1,-3,"ARI",TRUE
"105",2022091811,5,3,5,41,51,"SHOTGUN","3x1",6.38333333333333,"6-9 min","visitante",1,1,1,1,1,0,0,1,1,1,1,0,0,0,0,0,0,0,0,0,1,1,0,0,0,0,0,0,0,0,0,"rival",FALSE
"106",2022100911,3,1,10,35,45,"PISTOL","2x1",7.66666666666667,"6-9 min","local",0,0,1,1,1,0,1,1,1,1,1,0,0,1,0,0,0,0,1,0,1,0,0,0,0,0,0,0,0,0,-7,"ARI",TRUE
"107",2022100203,2,3,3,37,73,"SHOTGUN","3x1",5.11666666666667,"9-12 min","visitante",0,1,1,1,1,1,0,1,1,1,0,0,0,0,1,1,0,0,0,0,0,0,0,1,0,0,0,0,0,0,-7,"rival",TRUE
"108",2022091110,1,3,1,47,57,"SHOTGUN","2x2",1.36666666666667,"12-15 min","local",1,1,1,0,1,1,1,1,1,1,1,1,0,0,0,0,0,0,0,0,0,0,0,0,0,0,0,0,0,0,-14,"ARI",FALSE
"109",2022092510,1,2,6,42,68,"EMPTY","3x2",2.7,"12-15 min","local",1,1,1,1,1,0,0,1,1,1,1,0,0,1,0,0,0,0,0,0,1,0,0,0,0,0,0,0,0,0,-10,"ARI",TRUE
"110",2022100911,4,1,10,40,70,"SHOTGUN","2x2",1.41666666666667,"12-15 min","local",1,0,1,1,1,0,1,1,1,1,0,0,0,1,0,0,0,0,0,0,1,0,0,1,0,0,0,0,0,0,-3,"ARI",TRUE
"111",2022110608,4,2,6,6,104,"SHOTGUN","3x1",3.58333333333333,"9-12 min","local",0,0,1,1,1,1,0,0,1,0,1,0,0,0,0,0,0,0,0,1,0,0,0,0,0,0,1,1,1,1,-10,"rival",TRUE
"112",2022110608,4,3,5,41,69,"SHOTGUN","2x2",5.31666666666667,"9-12 min","local",0,0,1,1,1,1,0,0,1,0,0,0,0,0,0,0,0,0,0,1,0,0,0,1,0,0,1,1,1,1,-10,"rival",FALSE
"113",2022100203,3,3,2,2,12,"SHOTGUN","2x2",7.76666666666667,"6-9 min","visitante",0,1,1,1,1,1,0,1,1,1,1,0,0,0,0,1,0,0,0,0,0,0,0,1,0,0,0,0,0,0,-7,"rival",TRUE
"114",2022092510,2,3,5,5,105,"SHOTGUN","2x2",1.95,"12-15 min","local",1,1,1,1,1,1,0,1,1,0,0,0,1,0,0,1,0,0,0,0,0,0,1,0,0,0,0,0,0,0,-13,"rival",TRUE
"115",2022091811,5,1,15,49,61,"SHOTGUN","2x2",7.66666666666667,"6-9 min","visitante",1,1,1,1,1,0,0,1,1,1,1,0,0,0,0,0,0,0,0,0,1,1,0,0,0,0,0,0,0,0,0,"ARI",TRUE
"116",2022091811,5,2,8,38,72,"SHOTGUN","3x1",8.31666666666667,"6-9 min","visitante",0,1,1,1,1,0,0,1,1,1,1,0,0,0,0,0,0,0,1,0,1,1,0,0,0,0,0,0,0,0,0,"ARI",TRUE
"117",2022103005,1,2,3,38,48,"SHOTGUN","2x1",8.43333333333333,"6-9 min","visitante",1,0,1,1,0,0,0,1,1,0,0,0,0,1,0,0,0,1,0,0,0,0,0,1,0,0,1,1,0,1,-7,"rival",FALSE
"118",2022092510,3,1,10,25,85,"SHOTGUN","2x2",11.05,"3-6 min","local",0,1,1,1,1,1,0,1,1,1,1,0,0,0,1,0,0,0,0,0,1,0,0,0,0,0,0,0,0,0,-7,"ARI",FALSE
"119",2022102000,4,1,10,36,46,"SHOTGUN","2x2",11.1166666666667,"3-6 min","local",0,0,1,1,1,0,0,1,1,0,0,0,0,1,0,0,0,0,0,0,0,0,1,1,0,0,1,1,0,1,11,"ARI",FALSE
"120",2022100203,2,1,10,18,28,"SHOTGUN","3x1",12.1333333333333,"0-3 min","visitante",0,1,1,1,1,1,0,1,1,1,0,0,0,0,0,1,0,0,0,0,0,0,1,1,0,0,0,0,0,0,-7,"ARI",FALSE
"121",2022091811,5,4,1,37,47,"SHOTGUN","2x2",5.6,"9-12 min","visitante",1,1,1,1,1,0,0,1,1,1,1,0,0,1,0,0,0,0,0,0,1,0,0,0,0,0,0,0,0,0,0,"rival",TRUE
"122",2022091110,4,1,10,21,31,"SHOTGUN","3x1",1.76666666666667,"12-15 min","local",0,0,0,0,1,0,1,0,0,1,1,0,0,1,1,1,1,1,1,1,0,0,0,0,0,0,0,0,0,0,-23,"ARI",FALSE
"123",2022091811,4,4,1,11,21,"SINGLEBACK","3x1",12.6166666666667,"0-3 min","visitante",1,1,1,1,1,0,0,1,1,0,0,1,1,0,0,0,0,0,0,0,1,1,0,0,0,0,0,0,0,0,-16,"rival",TRUE
"124",2022100911,4,3,1,30,80,"SHOTGUN","3x1",12.9333333333333,"0-3 min","local",1,0,1,1,1,0,1,1,1,1,0,0,0,1,0,0,0,0,0,0,1,0,1,0,0,0,0,0,0,0,-7,"ARI",FALSE
"125",2022103005,4,2,8,11,21,"SHOTGUN","2x2",13.3333333333333,"0-3 min","visitante",0,0,1,1,0,0,0,1,1,0,0,0,0,1,0,0,0,1,0,0,0,0,1,1,0,0,1,1,0,1,-5,"rival",TRUE
"126",2022092510,2,3,11,29,39,"SHOTGUN","3x1",9.86666666666667,"3-6 min","local",1,1,1,1,1,1,0,1,1,1,1,0,0,0,0,0,0,0,0,0,1,0,0,0,0,0,0,0,0,0,-13,"ARI",TRUE
"127",2022103005,3,1,10,40,70,"SHOTGUN","2x2",10.2,"3-6 min","visitante",1,0,1,1,0,0,0,1,1,0,0,0,0,0,0,0,0,1,0,0,0,1,0,1,0,0,1,1,0,1,-4,"rival",FALSE
"128",2022100911,2,3,3,25,35,"EMPTY","3x2",5.55,"9-12 min","local",1,0,1,1,1,1,1,1,1,1,0,0,0,0,0,0,0,0,0,0,1,0,0,1,0,0,0,0,0,0,-14,"rival",TRUE
"129",2022091811,1,1,10,25,85,"SHOTGUN","3x1",5.36666666666667,"9-12 min","visitante",1,1,1,1,1,1,0,1,1,1,1,0,0,0,0,0,0,0,0,0,1,0,0,0,0,0,0,0,0,0,-7,"ARI",TRUE
"130",2022100203,1,1,10,19,29,"SHOTGUN","3x1",9.53333333333333,"3-6 min","visitante",0,1,1,1,1,0,0,1,1,1,0,1,0,1,0,0,0,0,0,0,1,0,0,1,0,0,0,0,0,0,0,"rival",FALSE
"131",2022092510,2,1,10,14,96,"SHOTGUN","2x2",4.53333333333333,"9-12 min","local",1,1,1,0,1,1,0,1,1,1,0,1,0,1,0,0,0,0,0,0,1,0,0,0,0,0,0,0,0,0,-13,"rival",TRUE
"132",2022091110,4,1,10,48,62,"SHOTGUN","3x1",7.5,"6-9 min","local",1,1,1,1,1,0,1,1,1,1,1,0,0,1,0,0,0,0,0,0,0,0,0,0,0,0,0,0,0,0,-29,"rival",FALSE
"133",2022091811,3,2,10,41,51,"SHOTGUN","2x2",14.0333333333333,"0-3 min","visitante",0,1,1,1,1,0,0,1,1,1,0,0,1,0,0,0,0,0,1,0,1,1,0,0,0,0,0,0,0,0,-20,"ARI",TRUE
"134",2022110608,3,2,10,30,80,"SHOTGUN","3x1",2.13333333333333,"12-15 min","local",0,0,1,1,1,0,0,0,1,0,0,0,0,1,0,0,0,0,0,1,0,0,0,1,0,0,1,1,1,1,-3,"ARI",FALSE
"135",2022092510,4,1,10,19,91,"EMPTY","3x2",1.73333333333333,"12-15 min","local",0,1,1,1,1,1,0,1,1,1,1,0,0,0,0,0,0,0,1,0,1,0,0,0,0,0,0,0,0,0,-11,"rival",TRUE
"136",2022102000,4,2,6,44,66,"SHOTGUN","3x1",2.98333333333333,"12-15 min","local",0,0,1,0,0,0,0,1,1,0,0,0,1,0,0,0,0,1,0,0,0,0,1,1,1,0,1,1,0,1,11,"rival",FALSE
"137",2022092510,3,1,10,44,54,"SHOTGUN","3x1",7.71666666666667,"6-9 min","local",0,1,1,1,1,1,0,1,1,1,1,0,0,0,1,0,0,0,0,0,1,0,0,0,0,0,0,0,0,0,-7,"rival",TRUE
"138",2022091811,4,2,14,35,45,"EMPTY","3x2",9.41666666666667,"3-6 min","visitante",1,1,1,1,1,0,0,1,1,1,1,0,0,0,0,0,0,0,0,0,1,1,0,0,0,0,0,0,0,0,-16,"rival",TRUE
"139",2022110608,4,1,10,26,36,"SHOTGUN","3x1",2.15,"12-15 min","local",0,0,1,1,1,0,0,0,1,0,0,0,0,1,0,0,0,0,0,1,0,0,0,1,0,0,1,1,1,1,-10,"ARI",TRUE
"140",2022100203,4,2,19,19,91,"SHOTGUN","3x1",13.5333333333333,"0-3 min","visitante",0,1,1,1,1,1,1,0,1,1,0,0,0,0,0,1,0,0,0,0,0,0,1,1,0,0,0,0,0,0,0,"rival",FALSE
"141",2022103005,1,3,7,26,36,"SHOTGUN","2x2",6.21666666666667,"6-9 min","visitante",1,0,1,1,0,0,0,1,1,0,0,0,0,0,0,0,0,1,0,0,0,1,0,1,0,0,1,1,0,1,-7,"rival",TRUE
"142",2022092510,2,1,10,27,83,"SHOTGUN","2x2",5.76666666666667,"9-12 min","local",1,1,1,0,1,0,0,1,1,0,0,1,1,1,1,0,0,0,0,0,1,0,0,0,0,0,0,0,0,0,-13,"rival",FALSE
"143",2022091110,3,1,10,25,85,"SHOTGUN","3x1",9.91666666666667,"3-6 min","local",1,1,1,0,1,0,1,1,1,1,1,1,0,1,0,0,0,0,0,0,0,0,0,0,0,0,0,0,0,0,-23,"ARI",TRUE
"144",2022101609,1,2,1,1,11,"PISTOL","2x2",11.05,"3-6 min","visitante",0,0,1,1,1,0,1,1,1,1,0,0,0,1,0,0,0,0,0,0,1,0,1,1,0,0,0,0,0,0,0,"rival",FALSE
"145",2022103005,3,1,10,43,67,"SHOTGUN","2x2",3.13333333333333,"9-12 min","visitante",1,0,1,1,0,0,0,1,1,0,0,0,0,1,0,0,0,1,0,0,0,0,0,1,0,0,1,1,0,1,-11,"rival",TRUE
"146",2022102000,3,2,9,40,70,"EMPTY","3x2",4.21666666666667,"9-12 min","local",0,0,1,1,1,0,0,1,1,0,0,0,0,1,0,0,0,0,0,0,0,0,0,1,0,0,1,1,1,1,11,"ARI",TRUE
"147",2022101609,4,2,4,31,41,"SHOTGUN","2x2",12.8833333333333,"0-3 min","visitante",1,0,1,1,1,0,1,1,1,1,0,0,0,1,0,1,0,0,0,0,0,0,0,1,0,0,0,0,0,0,-10,"ARI",TRUE
"148",2022102000,3,3,3,46,64,"SHOTGUN","2x2",3.45,"9-12 min","local",0,0,1,1,1,0,0,1,1,0,1,0,0,1,0,0,0,0,0,0,0,0,0,1,0,0,1,1,0,1,11,"ARI",TRUE
"149",2022100911,1,2,5,47,63,"PISTOL","3x1",3.31666666666667,"9-12 min","local",0,0,1,0,1,1,1,1,1,0,0,0,1,0,0,0,0,0,1,0,1,0,1,1,0,0,0,0,0,0,-7,"rival",FALSE
"150",2022100911,2,2,2,24,34,"PISTOL","3x1",6,"6-9 min","local",1,0,1,1,1,1,1,1,1,1,0,0,0,0,0,0,0,0,0,0,1,0,0,1,0,0,0,0,0,0,-14,"rival",FALSE
"152",2022102000,1,3,5,32,78,"SHOTGUN","3x1",11.0666666666667,"3-6 min","local",0,0,1,1,1,0,0,1,1,0,0,0,0,1,0,1,0,0,0,0,0,0,1,1,0,0,1,1,0,0,-7,"rival",TRUE
"153",2022092510,2,2,9,13,97,"EMPTY","3x2",3.91666666666667,"9-12 min","local",1,1,1,1,1,1,0,1,1,1,0,0,0,0,0,0,0,0,0,0,1,0,1,0,0,0,0,0,0,0,-13,"rival",TRUE
"154",2022100203,3,2,5,44,54,"SHOTGUN","3x1",2.7,"12-15 min","visitante",0,1,1,1,1,1,0,1,1,1,0,0,0,0,1,1,0,0,0,0,0,0,0,1,0,0,0,0,0,0,0,"rival",TRUE
"155",2022103005,1,2,2,47,63,"SHOTGUN","2x1",2.11666666666667,"12-15 min","visitante",1,0,1,0,0,0,0,1,1,0,0,0,0,1,0,0,0,1,0,0,0,0,1,1,0,0,1,1,0,1,-4,"ARI",FALSE
"156",2022091110,1,2,10,38,48,"SHOTGUN","2x2",2.03333333333333,"12-15 min","local",1,1,1,1,1,1,1,1,1,1,1,0,0,0,0,0,0,0,0,0,0,0,0,0,0,0,0,0,0,0,-14,"ARI",TRUE
"157",2022092510,3,3,3,50,60,"SHOTGUN","3x1",8.38333333333333,"6-9 min","local",0,1,1,1,1,1,0,1,1,1,1,0,0,0,1,0,0,0,0,0,1,0,0,0,0,0,0,0,0,0,-7,"centro",FALSE
"158",2022092510,1,2,8,27,83,"SHOTGUN","2x2",9.2,"3-6 min","local",1,1,1,1,1,1,0,1,1,1,1,0,0,0,0,0,0,0,0,0,1,0,0,0,0,0,0,0,0,0,-3,"ARI",TRUE
"159",2022091110,3,1,15,32,78,"SHOTGUN","2x1",13.7166666666667,"0-3 min","local",1,1,1,1,1,1,1,1,1,1,0,0,0,1,0,0,0,0,0,0,0,0,0,0,0,0,0,0,0,0,-16,"ARI",TRUE
"160",2022100203,2,2,3,34,44,"SHOTGUN","3x1",13.1333333333333,"0-3 min","visitante",0,1,1,1,1,1,0,1,1,1,1,0,0,0,0,1,0,0,0,0,0,0,0,1,0,0,0,0,0,0,0,"ARI",FALSE
"161",2022091811,4,2,9,47,63,"EMPTY","4x1",11.7833333333333,"3-6 min","visitante",1,1,1,1,1,0,0,1,1,1,1,0,0,1,0,0,0,0,0,0,1,0,0,0,0,0,0,0,0,0,-16,"ARI",TRUE
"162",2022102000,2,2,7,48,58,"SHOTGUN","2x1",8.5,"6-9 min","local",0,0,1,1,1,0,0,1,1,0,0,0,0,1,0,0,0,0,0,0,0,0,1,0,0,0,1,1,1,1,-8,"rival",TRUE
"163",2022091110,2,1,2,2,12,"SHOTGUN","3x1",13.15,"0-3 min","local",1,1,1,1,1,1,1,1,1,1,0,1,0,0,0,0,0,0,0,0,0,0,0,0,0,0,0,0,0,0,-14,"rival",FALSE
"164",2022101609,2,3,10,24,34,"SHOTGUN","3x1",11.7,"3-6 min","visitante",1,0,1,1,1,0,1,1,1,1,0,0,0,1,0,1,0,0,0,0,0,0,0,1,0,0,0,0,0,0,0,"ARI",TRUE
"165",2022100203,3,2,7,48,62,"SHOTGUN","3x1",10.1166666666667,"3-6 min","visitante",0,1,1,0,1,0,0,1,1,1,1,1,0,1,0,1,0,0,0,0,0,0,0,1,0,0,0,0,0,0,-7,"ARI",TRUE
"166",2022100203,4,1,10,49,61,"SHOTGUN","2x2",4.73333333333333,"9-12 min","visitante",0,1,1,0,1,1,1,0,1,1,0,1,0,0,0,1,0,0,0,0,0,0,1,1,0,0,0,0,0,0,10,"rival",FALSE
"167",2022091811,2,2,6,39,49,"SHOTGUN","3x1",9.58333333333333,"3-6 min","visitante",1,1,1,1,1,0,0,1,1,1,0,1,0,0,0,0,0,0,0,0,1,1,0,0,0,0,0,0,0,0,-10,"ARI",TRUE
"168",2022091110,2,1,10,48,58,"SHOTGUN","2x2",2,"12-15 min","local",1,1,1,0,1,1,1,1,1,1,1,0,1,0,0,0,0,0,0,0,0,0,0,0,0,0,0,0,0,0,-13,"rival",FALSE
"169",2022101609,4,2,10,31,79,"SHOTGUN","2x2",11.4833333333333,"3-6 min","visitante",0,0,1,1,1,0,1,1,1,1,0,0,0,1,0,1,0,0,0,0,0,0,1,1,0,0,0,0,0,0,-10,"rival",TRUE
"170",2022101609,1,3,7,45,55,"EMPTY","3x2",3.01666666666667,"9-12 min","visitante",1,0,1,1,1,0,1,1,1,1,0,0,0,1,0,0,0,0,0,0,1,0,0,1,0,0,0,0,0,0,0,"rival",FALSE
"171",2022091110,4,4,2,24,86,"SHOTGUN","3x1",14.3333333333333,"0-3 min","local",1,1,1,1,1,1,1,1,1,1,1,0,0,0,0,0,0,0,0,0,0,0,0,0,0,0,0,0,0,0,-30,"rival",TRUE
"172",2022091811,4,1,10,27,83,"SHOTGUN","3x1",4.71666666666667,"9-12 min","visitante",1,1,1,1,1,0,0,1,1,1,1,0,0,1,0,0,0,0,0,0,1,0,0,0,0,0,0,0,0,0,-8,"ARI",TRUE
"173",2022100911,1,2,6,21,31,"EMPTY","3x2",14.3833333333333,"0-3 min","local",0,0,1,1,1,0,1,1,1,1,1,0,0,1,0,0,0,0,0,0,1,0,0,1,0,0,0,0,0,0,0,"ARI",TRUE
"174",2022103005,1,1,10,40,70,"SHOTGUN","3x1",9.83333333333333,"3-6 min","visitante",1,0,1,1,0,0,0,1,1,0,0,0,0,1,0,0,0,1,0,0,0,0,0,1,0,0,1,1,0,1,-7,"ARI",FALSE
"175",2022110608,2,3,14,39,71,"EMPTY","4x1",1.06666666666667,"12-15 min","local",0,0,1,1,1,0,0,0,1,0,0,0,0,1,0,0,0,0,0,1,0,0,0,1,0,0,1,1,1,1,-3,"ARI",TRUE
"176",2022091811,4,3,1,11,21,"SHOTGUN","2x2",12.6833333333333,"0-3 min","visitante",1,1,1,1,1,0,0,1,1,1,0,1,0,0,0,0,0,0,0,0,1,1,0,0,0,0,0,0,0,0,-16,"rival",TRUE
"177",2022100911,1,1,10,25,35,"SHOTGUN","2x2",8.03333333333333,"6-9 min","local",0,0,1,1,1,1,1,1,1,1,0,0,0,0,0,0,0,0,0,0,1,0,1,1,0,0,0,0,0,0,-7,"ARI",TRUE
"178",2022101609,4,4,11,44,54,"EMPTY","3x2",3.98333333333333,"9-12 min","visitante",1,0,1,1,1,0,1,1,1,1,0,0,0,1,0,1,0,0,0,0,0,0,0,1,0,0,0,0,0,0,-10,"ARI",TRUE
"179",2022092510,4,1,10,36,46,"SHOTGUN","2x2",15,"0-3 min","local",0,1,1,1,1,1,0,1,1,1,1,0,0,0,0,0,0,0,1,0,1,0,0,0,0,0,0,0,0,0,-11,"ARI",TRUE
"180",2022102000,2,1,10,49,61,"SHOTGUN","3x1",9.06666666666667,"3-6 min","local",0,0,1,1,1,0,0,1,1,0,1,0,0,1,0,0,0,0,0,0,0,0,0,1,0,0,1,1,0,1,-8,"ARI",FALSE
"181",2022103005,1,2,10,29,39,"SHOTGUN","3x1",6.96666666666667,"6-9 min","visitante",0,0,1,1,0,0,0,1,1,0,0,0,0,0,0,0,0,1,0,0,0,1,1,1,0,0,1,1,0,1,-7,"rival",TRUE
"182",2022091811,2,2,4,44,66,"SINGLEBACK","3x1",2.7,"12-15 min","visitante",1,1,1,1,1,1,0,1,1,1,0,0,1,0,0,0,0,0,0,0,1,0,0,0,0,0,0,0,0,0,-17,"rival",FALSE
"183",2022091110,4,4,6,6,104,"SHOTGUN","3x1",12.9666666666667,"0-3 min","local",1,1,1,1,1,1,1,1,1,1,1,0,0,0,0,0,0,0,0,0,0,0,0,0,0,0,0,0,0,0,-30,"rival",TRUE
"184",2022103005,4,3,4,44,54,"SHOTGUN","2x2",2.81666666666667,"12-15 min","visitante",0,0,1,1,0,0,0,1,1,0,1,0,0,1,0,0,0,1,0,0,0,0,0,1,0,0,1,1,0,1,-8,"rival",TRUE
"185",2022110608,3,1,10,26,84,"SHOTGUN","2x2",14.9,"0-3 min","local",0,0,1,1,1,1,0,0,1,0,0,0,0,0,0,0,0,0,0,1,0,0,0,1,0,0,1,1,1,1,-3,"ARI",FALSE
"186",2022091811,4,1,10,37,73,"SHOTGUN","2x2",3.85,"9-12 min","visitante",1,1,1,1,1,0,0,1,1,1,1,0,0,1,0,0,0,0,0,0,1,0,0,0,0,0,0,0,0,0,-8,"ARI",TRUE
"187",2022100911,2,2,8,9,101,"EMPTY","3x2",2.88333333333333,"12-15 min","local",1,0,1,1,1,1,1,1,1,1,0,0,0,0,0,0,0,0,0,0,1,0,0,1,0,0,0,0,0,0,-7,"ARI",TRUE
"188",2022091811,4,2,1,11,21,"PISTOL","2x1",13.4,"0-3 min","visitante",1,1,1,1,1,0,0,1,1,1,0,0,1,1,0,0,0,0,0,0,1,0,0,0,0,0,0,0,0,0,-16,"rival",FALSE
"189",2022110608,3,3,17,24,86,"SHOTGUN","3x1",10,"3-6 min","local",0,0,1,1,1,1,0,0,1,0,1,0,0,0,0,0,0,0,0,1,0,0,0,0,0,0,1,1,1,1,-3,"ARI",TRUE
"190",2022100203,3,1,10,26,36,"SHOTGUN","2x2",0.816666666666667,"12-15 min","visitante",0,1,1,1,1,0,0,1,1,1,0,0,0,1,0,1,0,0,0,0,0,0,1,1,0,0,0,0,0,0,0,"rival",FALSE
"191",2022091811,1,3,14,34,76,"EMPTY","3x2",2.08333333333333,"12-15 min","visitante",1,1,1,1,1,1,0,1,1,1,1,0,0,0,0,0,0,0,0,0,1,0,0,0,0,0,0,0,0,0,-7,"ARI",TRUE
"192",2022100911,2,3,1,38,48,"SHOTGUN","2x2",1,"12-15 min","local",1,0,1,1,1,1,1,1,1,1,0,0,0,0,0,0,0,0,0,0,1,0,0,1,0,0,0,0,0,0,-7,"rival",FALSE
"193",2022101609,3,2,6,44,66,"SHOTGUN","2x1",13.0666666666667,"0-3 min","visitante",0,0,1,1,1,0,1,1,1,1,0,0,0,1,0,1,0,0,0,0,0,0,1,1,0,0,0,0,0,0,-6,"ARI",FALSE
"194",2022101609,4,1,10,45,55,"EMPTY","3x2",4.98333333333333,"9-12 min","visitante",0,0,1,1,1,0,1,1,1,1,0,0,0,1,0,1,0,0,0,0,0,0,0,1,0,1,0,0,0,0,-10,"ARI",TRUE
"195",2022091811,4,4,4,25,35,"SHOTGUN","2x2",8.68333333333333,"6-9 min","visitante",0,1,1,1,1,0,0,1,1,1,1,0,0,0,0,0,0,0,1,0,1,1,0,0,0,0,0,0,0,0,-16,"rival",TRUE
"196",2022101609,1,2,8,27,83,"SHOTGUN","2x2",6.16666666666667,"6-9 min","visitante",0,0,1,1,1,0,1,1,1,1,0,0,0,1,0,0,0,0,0,0,1,0,1,1,0,0,0,0,0,0,0,"ARI",TRUE
"197",2022100203,2,1,10,21,89,"SHOTGUN","3x1",5,"9-12 min","visitante",0,1,1,1,1,1,0,1,1,1,0,0,0,0,1,1,0,0,0,0,0,0,0,1,0,0,0,0,0,0,-7,"rival",FALSE
"198",2022103005,2,2,8,39,71,"SHOTGUN","2x2",2,"12-15 min","visitante",0,0,1,1,0,0,0,1,1,0,0,0,0,1,0,0,0,1,0,0,0,0,1,1,0,0,1,1,0,1,-11,"rival",TRUE
"199",2022091811,4,2,10,27,83,"SHOTGUN","2x2",4.28333333333333,"9-12 min","visitante",1,1,1,1,1,0,0,1,1,1,1,0,0,1,0,0,0,0,0,0,1,0,0,0,0,0,0,0,0,0,-8,"ARI",TRUE
"200",2022100203,3,1,15,46,64,"SHOTGUN","3x1",3.33333333333333,"9-12 min","visitante",0,1,1,1,1,1,0,1,1,1,0,0,0,0,1,1,0,0,0,0,0,0,1,0,0,0,0,0,0,0,0,"ARI",FALSE
"201",2022091811,4,2,10,48,62,"SHOTGUN","3x1",3.41666666666667,"9-12 min","visitante",0,1,1,1,1,0,0,1,1,1,1,0,0,0,0,0,0,0,1,0,1,1,0,0,0,0,0,0,0,0,-8,"ARI",FALSE
"202",2022091110,2,2,4,26,84,"SHOTGUN","2x2",2.48333333333333,"12-15 min","local",0,1,1,1,1,1,1,1,1,1,1,0,1,0,0,0,0,0,0,0,0,0,0,0,0,0,0,0,0,0,-13,"ARI",TRUE
"203",2022100911,4,2,1,30,80,"SHOTGUN","3x1",13.6333333333333,"0-3 min","local",1,0,1,1,1,0,1,1,1,1,0,0,0,1,0,0,0,0,0,0,1,0,0,1,0,0,0,0,0,0,-7,"ARI",FALSE
"204",2022110608,2,3,18,13,97,"SHOTGUN","3x1",9,"3-6 min","local",0,0,1,1,1,1,0,0,1,0,0,0,0,0,0,0,0,0,0,1,0,0,0,1,0,0,1,1,1,1,-3,"ARI",TRUE
"205",2022092510,2,2,10,38,48,"EMPTY","3x2",0.583333333333333,"12-15 min","local",0,1,1,1,1,0,0,1,1,1,1,0,0,0,1,1,0,0,0,0,0,1,0,0,0,0,0,0,0,0,-10,"ARI",TRUE
"206",2022102000,4,1,10,10,20,"SHOTGUN","2x2",14.8166666666667,"0-3 min","local",0,0,1,1,1,0,0,1,1,0,0,0,0,1,0,0,0,0,0,0,0,0,1,1,0,0,1,1,0,1,18,"ARI",TRUE
"207",2022100911,4,2,7,24,34,"SHOTGUN","3x1",10.3333333333333,"3-6 min","local",1,0,1,1,1,0,1,1,1,1,0,0,0,1,0,0,0,0,0,0,1,0,0,1,0,0,0,0,0,0,-7,"rival",FALSE
"208",2022102000,3,3,14,21,89,"SHOTGUN","3x1",8.96666666666667,"6-9 min","local",0,0,1,1,1,0,0,1,1,0,0,0,0,1,0,0,0,0,0,0,0,0,0,1,0,0,1,1,1,1,11,"ARI",TRUE
"209",2022091110,3,2,6,40,70,"SHOTGUN","2x2",2.56666666666667,"12-15 min","local",1,1,1,1,1,1,1,1,1,1,1,0,0,0,0,0,0,0,0,0,0,0,0,0,0,0,0,0,0,0,-30,"ARI",TRUE
"210",2022100203,2,3,6,31,41,"SHOTGUN","3x1",12.3833333333333,"0-3 min","visitante",0,1,1,1,1,1,0,1,1,1,0,0,0,0,1,1,0,0,0,0,0,0,0,1,0,0,0,0,0,0,0,"ARI",TRUE
"211",2022102000,4,2,9,16,26,"PISTOL","2x1",13.65,"0-3 min","local",0,0,1,1,1,0,0,1,1,0,0,0,0,1,0,0,0,0,0,0,0,0,1,0,0,0,1,1,1,1,18,"ARI",TRUE
"212",2022091811,2,1,10,50,60,"SHOTGUN","2x2",3.41666666666667,"9-12 min","visitante",1,1,1,1,1,1,0,1,1,1,0,0,1,0,0,0,0,0,0,0,1,0,0,0,0,0,0,0,0,0,-17,"centro",FALSE
"213",2022103005,4,1,10,19,91,"SHOTGUN","2x2",4.51666666666667,"9-12 min","visitante",1,0,1,1,0,0,0,1,1,0,0,0,0,1,0,0,0,1,0,0,0,0,0,1,0,0,1,1,0,1,-8,"ARI",TRUE
"214",2022100911,1,1,10,36,46,"SHOTGUN","2x1",4.85,"9-12 min","local",1,0,1,0,1,0,1,1,1,1,0,0,0,1,0,0,0,0,0,0,1,0,1,1,0,0,0,0,0,0,-7,"ARI",TRUE
"215",2022091811,3,1,15,16,26,"SHOTGUN","2x2",11.0833333333333,"3-6 min","visitante",1,1,1,1,1,0,0,1,1,1,1,0,0,1,0,0,0,0,0,0,1,0,0,0,0,0,0,0,0,0,-20,"ARI",TRUE
"216",2022110608,1,1,10,20,30,"SINGLEBACK","3x1",4.86666666666667,"9-12 min","local",0,0,1,1,1,1,0,0,1,0,0,0,1,0,0,0,0,0,0,1,0,0,1,1,0,0,0,1,0,1,4,"ARI",FALSE
"217",2022091811,3,1,10,25,35,"SHOTGUN","2x2",1.63333333333333,"12-15 min","visitante",1,1,1,1,1,0,0,1,1,1,1,0,0,1,0,0,0,0,0,0,1,0,0,0,0,0,0,0,0,0,-16,"ARI",TRUE
"218",2022091110,3,1,10,32,42,"SHOTGUN","2x2",0.983333333333333,"12-15 min","local",0,1,1,1,1,0,1,1,1,1,1,0,0,1,1,0,0,0,0,0,0,0,0,0,0,0,0,0,0,0,-30,"rival",FALSE
"219",2022103005,4,3,4,19,91,"SHOTGUN","3x1",1.43333333333333,"12-15 min","visitante",0,0,1,1,0,0,0,1,1,0,1,0,0,1,0,0,0,1,0,0,0,0,0,1,0,0,1,1,0,1,-8,"ARI",TRUE
"220",2022110608,3,2,8,28,82,"SHOTGUN","2x2",14.3,"0-3 min","local",0,0,1,1,1,1,0,0,1,0,0,0,0,0,0,0,0,0,0,1,0,0,1,1,0,0,1,1,0,1,-3,"ARI",TRUE
"221",2022101609,3,1,10,40,70,"PISTOL","3x1",13.4333333333333,"0-3 min","visitante",0,0,1,1,1,0,1,1,1,1,0,0,0,1,0,1,0,0,0,0,0,0,1,1,0,0,0,0,0,0,-6,"ARI",FALSE
"222",2022091110,3,1,10,36,74,"SHOTGUN","2x2",2.98333333333333,"12-15 min","local",1,1,1,1,1,1,1,1,1,1,1,0,0,0,0,0,0,0,0,0,0,0,0,0,0,0,0,0,0,0,-30,"ARI",TRUE
"223",2022091110,2,1,10,20,90,"PISTOL","3x1",3.05,"9-12 min","local",1,1,1,1,1,1,1,1,1,1,1,0,0,0,0,0,0,0,0,0,0,0,0,0,0,0,0,0,0,0,-13,"ARI",FALSE
"224",2022103005,3,2,24,11,21,"SHOTGUN","2x2",13.5166666666667,"0-3 min","visitante",1,0,1,1,0,0,0,1,1,0,0,0,0,1,0,0,0,1,0,0,0,0,0,1,0,0,1,1,0,1,-4,"ARI",FALSE
"225",2022100911,1,3,9,28,38,"SHOTGUN","3x1",12.55,"0-3 min","local",0,0,1,1,1,1,1,1,1,1,0,0,0,0,0,0,0,0,1,0,1,0,0,1,0,0,0,0,0,0,0,"ARI",TRUE
"226",2022102000,2,1,10,13,23,"SHOTGUN","3x1",5.35,"9-12 min","local",0,0,1,0,1,0,0,1,1,0,1,0,0,1,0,0,0,0,0,0,0,0,1,1,0,0,1,1,0,1,-8,"rival",FALSE
"227",2022091811,2,1,15,39,49,"EMPTY","3x2",4.43333333333333,"9-12 min","visitante",1,1,1,1,1,1,0,1,1,1,1,0,0,0,0,0,0,0,0,0,1,0,0,0,0,0,0,0,0,0,-17,"ARI",TRUE
"228",2022092510,4,2,6,40,50,"SHOTGUN","3x1",14.3,"0-3 min","local",0,1,1,1,1,1,0,1,1,1,1,0,0,0,0,0,0,0,1,0,1,0,0,0,0,0,0,0,0,0,-11,"ARI",FALSE
"229",2022091811,4,4,3,3,13,"SHOTGUN","2x2",0.0833333333333333,"12-15 min","visitante",1,1,1,1,1,0,0,1,1,1,1,0,0,0,0,0,0,0,0,0,1,1,0,0,0,0,0,0,0,0,-8,"rival",TRUE
"230",2022091811,4,1,10,31,41,"SHOTGUN","3x1",10.5166666666667,"3-6 min","visitante",0,1,1,1,1,0,0,1,1,1,1,0,0,0,0,0,0,0,1,0,1,1,0,0,0,0,0,0,0,0,-16,"rival",TRUE
"231",2022103005,2,1,10,49,61,"SINGLEBACK","2x2",7.75,"6-9 min","visitante",0,0,1,0,0,0,0,1,1,0,0,0,1,1,0,0,0,1,0,0,0,0,1,1,0,0,1,1,0,1,-11,"rival",FALSE
"232",2022092510,4,2,7,29,81,"SHOTGUN","3x1",12.35,"0-3 min","local",0,1,1,1,1,0,0,1,1,1,1,0,0,1,0,0,0,0,1,0,1,0,0,0,0,0,0,0,0,0,-11,"rival",TRUE
"233",2022100911,3,3,11,46,56,"EMPTY","3x2",5.45,"9-12 min","local",1,0,1,1,1,0,1,1,1,1,0,0,0,1,0,0,0,0,0,0,1,0,0,1,0,0,0,0,0,0,-7,"ARI",TRUE
"234",2022100203,1,2,5,34,44,"SHOTGUN","3x1",10.2833333333333,"3-6 min","visitante",0,1,1,1,1,0,0,1,1,1,1,0,0,1,0,0,0,0,0,0,1,0,0,1,0,0,0,0,0,0,0,"rival",FALSE
"235",2022091811,4,1,10,36,46,"SHOTGUN","3x1",2.28333333333333,"12-15 min","visitante",1,1,1,1,1,0,0,1,1,1,1,0,0,0,0,0,0,0,0,0,1,1,0,0,0,0,0,0,0,0,-8,"rival",TRUE
"236",2022110608,4,1,10,16,94,"SHOTGUN","2x2",4.33333333333333,"9-12 min","local",0,0,1,1,1,1,0,0,1,0,0,0,0,0,0,0,0,0,0,1,0,0,0,1,0,0,1,1,1,1,-10,"rival",TRUE
"237",2022092510,3,3,2,33,77,"EMPTY","3x2",9.75,"3-6 min","local",0,1,1,1,1,0,0,1,1,1,1,0,0,0,1,0,0,0,0,0,1,1,0,0,0,0,0,0,0,0,-7,"ARI",TRUE
"238",2022100911,3,2,11,46,56,"EMPTY","3x2",5.53333333333333,"9-12 min","local",0,0,1,1,1,0,1,1,1,1,0,0,0,1,0,0,0,0,0,0,1,0,1,1,0,0,0,0,0,0,-7,"ARI",TRUE
"239",2022091110,1,1,10,25,35,"PISTOL","2x2",9.61666666666667,"3-6 min","local",1,1,1,1,1,1,1,1,1,1,1,0,0,0,0,0,0,0,0,0,0,0,0,0,0,0,0,0,0,0,-7,"ARI",FALSE
"240",2022091110,1,1,10,38,48,"SINGLEBACK","3x1",2.1,"12-15 min","local",1,1,1,0,1,1,1,1,1,1,1,0,1,0,0,0,0,0,0,0,0,0,0,0,0,0,0,0,0,0,-14,"ARI",TRUE
"241",2022101609,1,3,5,5,15,"SHOTGUN","3x1",10.45,"3-6 min","visitante",1,0,1,1,1,0,1,1,1,1,0,0,0,1,0,0,0,0,0,0,1,0,0,1,0,0,0,0,0,0,0,"rival",TRUE
"242",2022102000,3,3,5,30,80,"SHOTGUN","2x2",14.25,"0-3 min","local",0,0,1,1,1,0,0,1,1,0,1,0,0,1,0,0,0,0,0,0,0,0,0,1,0,0,1,1,0,1,14,"ARI",TRUE
"243",2022092510,2,2,5,5,105,"SHOTGUN","2x2",2.01666666666667,"12-15 min","local",1,1,1,1,1,1,0,1,1,1,1,0,0,0,0,1,0,0,0,0,0,0,0,0,0,0,0,0,0,0,-13,"rival",TRUE
"244",2022110608,4,2,10,46,64,"SHOTGUN","3x1",5.81666666666667,"9-12 min","local",0,0,1,1,1,0,0,0,1,0,0,0,0,1,0,0,0,0,0,1,0,0,0,1,0,0,1,1,1,1,-10,"rival",FALSE
"245",2022110608,1,2,6,24,34,"SHOTGUN","3x1",4.35,"9-12 min","local",0,0,1,1,1,1,0,0,1,0,0,0,0,0,0,0,0,0,0,1,0,0,1,1,0,0,1,1,0,1,4,"ARI",TRUE
"246",2022100203,2,1,10,27,37,"SHOTGUN","3x1",13.6666666666667,"0-3 min","visitante",0,1,1,1,1,1,0,1,1,1,0,1,0,0,0,1,0,0,0,0,0,0,0,1,0,0,0,0,0,0,0,"ARI",FALSE
"247",2022092510,1,1,10,25,85,"SHOTGUN","2x1",4,"9-12 min","local",1,1,1,0,1,0,0,1,1,1,1,1,0,1,0,0,0,0,0,0,1,0,0,0,0,0,0,0,0,0,-10,"ARI",TRUE
"248",2022092510,3,2,3,50,60,"SHOTGUN","3x1",8.45,"6-9 min","local",0,1,1,1,1,0,0,1,1,1,1,0,0,0,1,0,0,0,0,0,1,1,0,0,0,0,0,0,0,0,-7,"centro",TRUE
"249",2022091110,3,2,6,48,58,"SHOTGUN","2x2",1.48333333333333,"12-15 min","local",0,1,1,1,1,0,1,1,1,1,1,0,0,1,1,0,0,0,0,0,0,0,0,0,0,0,0,0,0,0,-30,"rival",FALSE
"250",2022102000,4,1,10,46,64,"SHOTGUN","2x2",9.75,"3-6 min","local",0,0,1,1,1,0,0,1,1,0,0,0,0,1,0,0,0,0,0,0,0,0,1,1,0,0,1,1,0,1,11,"rival",FALSE
"251",2022110608,2,1,10,3,107,"PISTOL","2x1",2.85,"12-15 min","local",0,0,1,0,1,0,0,0,1,0,0,0,1,0,0,0,0,1,0,1,0,0,1,1,1,0,0,1,0,1,-3,"ARI",FALSE
"252",2022100203,1,2,6,38,72,"SHOTGUN","2x1",5.8,"9-12 min","visitante",0,1,1,1,1,1,0,1,1,1,0,0,0,0,1,0,0,0,0,0,1,0,0,1,0,0,0,0,0,0,0,"ARI",FALSE
"253",2022100203,1,4,1,10,20,"SINGLEBACK","2x2",7.51666666666667,"6-9 min","visitante",0,1,1,0,1,1,0,1,1,0,0,1,1,0,0,0,0,0,0,0,1,0,1,1,0,0,0,0,0,0,0,"rival",FALSE
"254",2022101609,1,2,6,29,39,"SHOTGUN","2x2",12.5,"0-3 min","visitante",1,0,1,0,1,0,1,1,1,1,0,0,0,1,0,0,0,0,0,0,1,0,1,1,0,0,0,0,0,0,0,"rival",TRUE
"255",2022102000,4,1,10,48,62,"SHOTGUN","2x2",3.1,"9-12 min","local",0,0,1,1,0,0,0,1,1,0,1,0,0,0,0,0,0,1,0,0,0,0,0,1,1,0,1,1,0,1,11,"rival",TRUE
"256",2022110608,2,1,10,10,100,"WILDCAT","3x1",11.8666666666667,"3-6 min","local",0,0,1,1,1,0,0,0,1,0,0,0,0,1,0,0,0,0,0,1,0,0,1,1,0,0,1,1,0,1,-3,"ARI",FALSE
"257",2022103005,1,2,10,40,70,"SHOTGUN","2x2",9.3,"3-6 min","visitante",1,0,1,1,0,0,0,1,1,0,0,0,0,1,0,0,0,1,0,0,0,0,0,1,0,0,1,1,0,1,-7,"ARI",TRUE
"258",2022110608,1,1,10,30,80,"EMPTY","4x1",7.48333333333333,"6-9 min","local",0,0,1,1,1,1,0,1,1,0,0,0,0,0,0,0,0,0,0,0,0,0,0,1,0,0,1,1,1,1,-3,"rival",TRUE
"259",2022102000,2,2,10,10,20,"SHOTGUN","2x2",13.45,"0-3 min","local",0,0,1,1,1,0,0,1,1,0,1,0,0,1,0,1,0,0,0,0,0,0,0,1,0,0,1,1,0,0,-4,"rival",TRUE
"260",2022091811,3,3,9,42,52,"EMPTY","3x2",13.35,"0-3 min","visitante",1,1,1,1,1,0,0,1,1,1,0,0,0,1,0,0,0,0,0,0,1,1,0,0,0,0,0,0,0,0,-20,"ARI",TRUE
"261",2022091811,5,2,7,43,53,"SHOTGUN","3x1",7.1,"6-9 min","visitante",1,1,1,1,1,0,0,1,1,1,1,0,0,0,0,0,0,0,0,0,1,1,0,0,0,0,0,0,0,0,0,"rival",TRUE
"262",2022103005,3,2,11,41,69,"SHOTGUN","2x2",9.58333333333333,"3-6 min","visitante",1,0,1,1,0,0,0,1,1,0,0,0,0,1,0,0,0,1,0,0,0,0,0,1,0,0,1,1,0,1,-4,"rival",TRUE
"263",2022101609,1,2,7,45,55,"EMPTY","3x2",3.11666666666667,"9-12 min","visitante",0,0,1,1,1,0,1,1,1,1,0,0,0,0,0,0,0,0,0,0,1,0,1,1,1,0,0,0,0,0,0,"rival",TRUE
"264",2022100911,2,1,10,35,75,"SHOTGUN","3x1",1.8,"12-15 min","local",0,0,1,1,1,0,1,1,1,1,0,0,0,0,0,0,0,0,1,0,1,1,0,1,0,0,0,0,0,0,-7,"ARI",TRUE
"265",2022091811,2,2,5,30,40,"SHOTGUN","3x1",11.0333333333333,"3-6 min","visitante",1,1,1,1,1,1,0,1,1,1,1,0,0,0,0,0,0,0,0,0,1,0,0,0,0,0,0,0,0,0,-10,"ARI",TRUE
"266",2022091811,2,1,10,25,35,"SINGLEBACK","2x2",11.5333333333333,"3-6 min","visitante",1,1,1,1,1,1,0,1,1,1,0,1,0,0,0,0,0,0,0,0,1,0,0,0,0,0,0,0,0,0,-10,"ARI",FALSE
"267",2022103005,2,1,10,43,53,"SHOTGUN","3x1",2.85,"12-15 min","visitante",0,0,1,1,0,0,0,1,1,0,0,0,0,1,0,0,0,1,0,0,0,0,1,1,0,0,1,1,0,1,-11,"ARI",TRUE
"268",2022101609,4,1,10,7,17,"SHOTGUN","3x1",6.66666666666667,"6-9 min","visitante",1,0,1,1,1,0,1,1,1,1,0,0,0,1,0,1,0,0,0,0,0,0,0,1,0,0,0,0,0,0,-10,"ARI",TRUE
"269",2022100203,2,2,8,20,30,"EMPTY","3x2",11.55,"3-6 min","visitante",0,1,1,1,1,1,0,1,1,1,1,0,0,0,0,1,0,0,0,0,0,0,0,1,0,0,0,0,0,0,-7,"ARI",TRUE
"270",2022101609,3,1,10,25,85,"SHOTGUN","2x2",4.18333333333333,"9-12 min","visitante",0,0,1,1,1,0,1,1,1,1,0,0,0,0,0,1,0,0,0,0,0,0,1,1,1,0,0,0,0,0,-9,"ARI",TRUE
"271",2022092510,2,1,17,42,52,"EMPTY","3x2",0.416666666666667,"12-15 min","local",0,1,1,1,1,0,0,1,1,1,1,0,0,0,1,1,0,0,0,0,0,1,0,0,0,0,0,0,0,0,-10,"ARI",TRUE
"272",2022102000,3,1,10,39,71,"SINGLEBACK","2x2",4.81666666666667,"9-12 min","local",0,0,1,1,1,0,0,1,1,0,1,0,0,1,0,0,0,0,0,0,0,0,0,1,0,0,1,1,0,1,11,"ARI",FALSE
"273",2022103005,4,2,7,21,31,"EMPTY","3x2",15,"0-3 min","visitante",1,0,1,1,0,0,0,1,1,0,0,0,0,1,0,0,0,1,0,0,0,0,0,1,0,0,1,1,0,1,-5,"rival",TRUE
"274",2022102000,4,1,10,22,88,"PISTOL","2x2",9.33333333333333,"3-6 min","local",0,0,1,1,1,0,0,1,1,0,0,0,0,1,0,0,0,0,0,0,0,0,1,1,0,0,1,1,0,1,11,"rival",FALSE
"275",2022100911,3,3,17,18,28,"EMPTY","3x2",8.36666666666667,"6-9 min","local",1,0,1,1,1,0,1,1,1,1,0,0,0,1,0,0,0,0,0,0,1,0,0,1,0,0,0,0,0,0,-7,"ARI",TRUE
"276",2022091110,4,4,3,43,53,"SHOTGUN","2x2",0.35,"12-15 min","local",0,0,0,0,1,0,1,0,0,1,1,0,0,1,1,1,1,1,1,1,0,0,0,0,0,0,0,0,0,0,-23,"ARI",TRUE
"277",2022103005,3,2,5,38,72,"SHOTGUN","2x2",2.61666666666667,"12-15 min","visitante",1,0,1,1,0,0,0,1,1,0,0,0,0,1,0,0,0,1,0,0,0,0,0,1,0,0,1,1,0,1,-11,"rival",TRUE
"278",2022091811,4,1,10,48,62,"EMPTY","3x2",3.46666666666667,"9-12 min","visitante",0,1,1,1,1,0,0,1,1,1,1,0,0,1,0,0,0,0,1,0,1,0,0,0,0,0,0,0,0,0,-8,"ARI",TRUE
"279",2022100911,2,1,2,2,12,"SHOTGUN","3x1",0.166666666666667,"12-15 min","local",1,0,1,1,1,0,1,1,1,1,0,0,0,0,0,0,0,0,0,0,1,1,0,1,0,0,0,0,0,0,-7,"rival",TRUE
"280",2022101609,2,1,10,36,46,"SHOTGUN","3x1",1.28333333333333,"12-15 min","visitante",1,0,1,1,1,0,1,1,1,1,0,0,0,1,0,1,0,0,0,0,0,0,0,1,0,0,0,0,0,0,-3,"ARI",TRUE
"281",2022102000,4,2,6,18,92,"SHOTGUN","2x1",8.53333333333333,"6-9 min","local",0,0,1,0,1,0,0,1,1,0,1,0,0,0,0,0,0,0,0,0,0,0,1,1,1,0,1,1,0,1,11,"rival",FALSE
"283",2022100203,4,3,27,27,83,"EMPTY","3x2",12.2,"0-3 min","visitante",0,1,1,1,1,1,1,0,1,1,1,0,0,0,0,1,0,0,0,0,0,0,0,1,0,0,0,0,0,0,0,"rival",TRUE
"284",2022100911,2,3,4,28,82,"EMPTY","3x2",2,"12-15 min","local",1,0,1,1,1,1,1,1,1,1,0,0,0,0,0,0,0,0,0,0,1,0,0,1,0,0,0,0,0,0,-7,"ARI",TRUE
"285",2022091811,4,2,4,30,40,"SHOTGUN","3x1",2,"12-15 min","visitante",1,1,1,1,1,0,0,1,1,1,1,0,0,1,0,0,0,0,0,0,1,0,0,0,0,0,0,0,0,0,-8,"rival",FALSE
"286",2022100911,2,2,10,25,85,"SHOTGUN","2x2",10.0833333333333,"3-6 min","local",0,0,1,1,1,1,1,1,1,1,0,0,0,0,0,0,0,0,1,0,1,0,0,1,0,0,0,0,0,0,-14,"ARI",FALSE
"287",2022100911,2,1,10,43,67,"SHOTGUN","3x1",7.66666666666667,"6-9 min","local",1,0,1,1,1,1,1,1,1,1,0,0,0,0,0,0,0,0,0,0,1,0,0,1,0,0,0,0,0,0,-14,"ARI",FALSE
"288",2022092510,2,3,14,21,31,"SHOTGUN","3x1",12.7,"0-3 min","local",1,1,1,1,1,1,0,1,1,1,1,0,0,0,0,0,0,0,0,0,1,0,0,0,0,0,0,0,0,0,-13,"ARI",TRUE
"289",2022101609,4,4,2,23,87,"EMPTY","3x2",10.2,"3-6 min","visitante",1,0,1,1,1,0,1,1,1,1,0,0,0,1,0,1,0,0,0,0,0,0,0,1,0,0,0,0,0,0,-10,"rival",TRUE
"290",2022092510,4,1,10,33,77,"SHOTGUN","3x1",2,"12-15 min","local",0,1,1,1,1,1,0,1,1,1,1,0,0,0,0,0,0,0,1,0,1,0,0,0,0,0,0,0,0,0,-11,"rival",TRUE
"291",2022092510,2,2,10,28,38,"SHOTGUN","2x2",0.716666666666667,"12-15 min","local",0,1,1,1,1,0,0,1,1,1,1,0,0,0,1,1,0,0,0,0,0,1,0,0,0,0,0,0,0,0,-10,"ARI",TRUE
"292",2022103005,2,3,10,36,46,"SHOTGUN","3x1",8.5,"6-9 min","visitante",0,0,1,1,0,0,0,1,1,0,0,0,0,1,0,0,0,1,0,0,0,0,0,1,0,0,1,1,1,1,-11,"ARI",TRUE
"293",2022110608,2,3,4,40,50,"SHOTGUN","2x2",0.483333333333333,"12-15 min","local",0,0,1,1,1,1,0,0,1,0,0,0,0,0,0,0,0,0,0,1,0,0,0,1,0,0,1,1,1,1,-3,"rival",TRUE
"294",2022102000,1,2,10,37,73,"SHOTGUN","2x2",11.65,"3-6 min","local",0,0,1,1,1,0,0,1,1,0,0,0,0,1,0,1,0,0,0,0,0,0,1,1,0,0,1,1,0,0,-7,"rival",TRUE
"295",2022091811,3,2,5,5,105,"SHOTGUN","2x2",6.2,"6-9 min","visitante",1,1,1,1,1,0,0,1,1,1,0,1,0,0,0,0,0,0,0,0,1,1,0,0,0,0,0,0,0,0,-20,"rival",TRUE
"296",2022091811,4,1,10,42,52,"EMPTY","4x1",11.4333333333333,"3-6 min","visitante",1,1,1,1,1,0,0,1,1,1,1,0,0,1,0,0,0,0,0,0,1,0,0,0,0,0,0,0,0,0,-16,"rival",TRUE
"297",2022102000,3,1,1,1,11,"PISTOL","3x1",1.31666666666667,"12-15 min","local",0,0,1,0,1,0,0,1,1,0,1,0,0,0,0,0,0,0,0,0,0,0,1,1,1,0,1,1,0,1,11,"rival",FALSE
"298",2022091110,3,2,15,32,78,"SHOTGUN","3x1",13.6,"0-3 min","local",1,1,1,1,1,1,1,1,1,1,1,0,0,0,0,0,0,0,0,0,0,0,0,0,0,0,0,0,0,0,-16,"ARI",TRUE
"299",2022100203,4,3,1,28,82,"SINGLEBACK","2x2",2.41666666666667,"12-15 min","visitante",0,1,1,0,1,1,1,0,1,1,0,1,0,0,0,1,0,0,1,0,0,0,1,0,0,0,0,0,0,0,10,"rival",FALSE
"300",2022103005,4,1,10,47,57,"SHOTGUN","2x2",7.53333333333333,"6-9 min","visitante",0,0,1,1,0,0,0,1,1,0,0,0,0,1,0,0,0,1,0,0,0,0,0,1,0,0,1,1,1,1,-8,"rival",FALSE
"301",2022101609,2,1,10,24,34,"SHOTGUN","3x1",12.8166666666667,"0-3 min","visitante",0,0,1,1,1,0,1,1,1,1,0,0,0,1,0,1,0,0,0,0,0,0,1,1,0,0,0,0,0,0,0,"ARI",FALSE
"302",2022100203,1,1,10,24,86,"SHOTGUN","2x2",14.9166666666667,"0-3 min","visitante",0,1,1,1,1,1,0,1,1,1,0,0,0,0,0,0,0,0,0,0,1,0,1,1,0,0,0,0,0,0,0,"ARI",TRUE
"303",2022092510,4,1,10,3,13,"SHOTGUN","2x2",6.65,"6-9 min","local",0,1,1,1,1,1,0,1,1,1,1,0,0,0,0,0,0,0,1,0,1,0,0,0,0,0,0,0,0,0,-11,"ARI",FALSE
"304",2022091811,4,3,1,43,53,"SHOTGUN","2x2",3.05,"9-12 min","visitante",1,1,1,1,1,0,0,1,1,1,1,0,0,0,0,0,0,0,0,0,1,1,0,0,0,0,0,0,0,0,-8,"rival",FALSE
"305",2022091811,3,1,10,25,35,"PISTOL","2x1",15,"0-3 min","visitante",1,1,1,0,1,1,0,1,1,1,1,0,1,0,0,0,0,0,0,0,1,0,0,0,0,0,0,0,0,0,-20,"ARI",FALSE
"306",2022091811,4,2,2,34,44,"SHOTGUN","3x1",10.8833333333333,"3-6 min","visitante",0,1,1,1,1,0,0,1,1,1,1,0,0,0,0,0,0,0,1,0,1,1,0,0,0,0,0,0,0,0,-16,"rival",FALSE
"307",2022101609,4,2,17,38,48,"EMPTY","3x2",4.5,"9-12 min","visitante",0,0,1,1,1,0,1,1,1,1,0,0,0,1,0,1,0,0,0,0,0,0,0,1,0,1,0,0,0,0,-10,"ARI",TRUE
"308",2022102000,2,1,10,30,40,"SHOTGUN","2x1",7.86666666666667,"6-9 min","local",0,0,1,1,1,0,0,1,1,0,0,0,0,0,0,0,0,0,0,0,0,0,1,0,1,0,1,1,1,1,-8,"rival",FALSE
"309",2022100911,2,2,2,2,12,"SHOTGUN","3x1",0.116666666666667,"12-15 min","local",1,0,1,1,1,0,1,1,1,1,0,0,0,0,0,0,0,0,0,0,1,1,0,1,0,0,0,0,0,0,-7,"rival",TRUE
"310",2022091110,4,1,10,11,99,"SHOTGUN","2x2",5.86666666666667,"9-12 min","local",0,1,1,1,1,1,1,1,1,1,1,0,0,0,1,0,0,0,0,0,0,0,0,0,0,0,0,0,0,0,-29,"rival",TRUE
"311",2022092510,3,2,8,30,40,"PISTOL","2x2",6.06666666666667,"6-9 min","local",0,1,1,1,1,0,0,1,1,1,1,0,0,1,1,0,0,0,0,0,1,0,0,0,0,0,0,0,0,0,-7,"rival",FALSE
"312",2022091811,3,1,10,42,68,"PISTOL","3x1",10.0833333333333,"3-6 min","visitante",1,1,1,1,1,0,0,1,1,0,1,0,0,1,0,0,0,0,1,0,1,0,0,0,0,0,0,0,0,0,-20,"rival",FALSE
"313",2022092510,3,1,10,25,85,"SHOTGUN","2x2",1,"12-15 min","local",0,1,1,1,1,0,0,1,1,1,0,0,0,0,1,0,0,0,1,0,1,1,0,0,0,0,0,0,0,0,-11,"ARI",TRUE
"314",2022091110,1,2,8,27,37,"SHOTGUN","2x2",2.73333333333333,"12-15 min","local",0,1,1,0,1,1,1,1,1,1,1,1,1,0,0,0,0,0,0,0,0,0,0,0,0,0,0,0,0,0,-14,"ARI",TRUE
"315",2022110608,2,4,4,40,50,"SHOTGUN","3x1",0.416666666666667,"12-15 min","local",0,0,1,1,1,1,0,0,1,0,0,0,0,0,0,0,0,0,0,1,0,0,0,1,0,0,1,1,1,1,-3,"rival",TRUE
"316",2022100203,3,1,10,37,47,"SINGLEBACK","3x1",2.01666666666667,"12-15 min","visitante",0,1,1,1,1,1,0,1,1,1,1,0,0,0,0,1,0,0,0,0,0,0,0,1,0,0,0,0,0,0,0,"rival",FALSE
"317",2022101609,1,1,3,3,13,"SHOTGUN","3x1",11.6333333333333,"3-6 min","visitante",0,0,1,1,1,0,1,1,1,1,0,0,0,1,0,0,0,0,0,0,1,0,1,1,0,0,0,0,0,0,0,"rival",FALSE
"318",2022101609,4,3,6,27,83,"SHOTGUN","3x1",10.8333333333333,"3-6 min","visitante",1,0,1,1,1,0,1,1,1,1,0,0,0,1,0,1,0,0,0,0,0,0,0,1,0,0,0,0,0,0,-10,"rival",TRUE
"319",2022110608,1,1,10,17,27,"EMPTY","3x2",10.7666666666667,"3-6 min","local",0,0,1,1,1,1,0,1,1,0,0,0,0,0,0,0,0,0,0,0,0,0,0,1,0,0,1,1,1,1,-3,"ARI",TRUE
"320",2022100911,1,2,10,36,46,"SHOTGUN","2x2",4.8,"9-12 min","local",1,0,1,1,1,1,1,1,1,1,0,0,0,0,0,0,0,0,0,0,1,0,0,1,0,0,0,0,0,0,-7,"ARI",FALSE
"321",2022091811,3,1,10,30,80,"EMPTY","3x2",8.35,"6-9 min","visitante",0,1,1,0,1,0,0,1,1,1,1,0,1,1,0,0,0,0,1,0,1,0,0,0,0,0,0,0,0,0,-20,"rival",TRUE
"322",2022092510,3,3,1,20,90,"SHOTGUN","3x1",11.8666666666667,"3-6 min","local",0,1,1,1,1,1,0,1,1,1,1,0,0,0,1,0,0,0,0,0,1,0,0,0,0,0,0,0,0,0,-7,"ARI",FALSE
"323",2022110608,3,3,8,32,78,"SHOTGUN","3x1",1.61666666666667,"12-15 min","local",0,0,1,1,1,1,0,0,1,0,0,0,0,0,0,0,0,0,0,1,0,0,0,1,0,0,1,1,1,1,-3,"ARI",TRUE
"324",2022091110,4,3,9,22,32,"SHOTGUN","2x2",1.3,"12-15 min","local",0,0,0,0,1,0,1,0,0,1,1,0,0,1,1,1,1,1,1,1,0,0,0,0,0,0,0,0,0,0,-23,"ARI",TRUE
"325",2022103005,2,2,11,50,60,"SHOTGUN","3x1",7.11666666666667,"6-9 min","visitante",1,0,1,1,0,0,0,1,1,0,0,0,0,1,0,0,0,1,0,0,0,0,0,1,0,0,1,1,0,1,-11,"centro",TRUE
"326",2022092510,4,3,10,19,91,"SHOTGUN","2x2",1.26666666666667,"12-15 min","local",0,1,1,1,1,0,0,1,1,1,1,0,0,1,0,0,0,0,1,0,1,0,0,0,0,0,0,0,0,0,-11,"rival",TRUE
"327",2022102000,2,1,10,25,35,"SHOTGUN","2x2",6.31666666666667,"6-9 min","local",0,0,1,1,1,0,0,1,1,0,0,0,0,1,0,0,0,0,0,0,0,0,1,1,0,0,1,1,0,1,-8,"rival",TRUE
"328",2022091110,4,3,6,6,104,"SHOTGUN","3x1",13.0166666666667,"0-3 min","local",1,1,1,1,1,1,1,1,1,1,1,0,0,0,0,0,0,0,0,0,0,0,0,0,0,0,0,0,0,0,-30,"rival",TRUE
"329",2022102000,4,3,9,16,26,"SHOTGUN","3x1",13.55,"0-3 min","local",0,0,1,1,1,0,0,1,1,0,1,0,0,1,0,0,0,0,0,0,0,0,0,1,0,0,1,1,0,1,18,"ARI",TRUE
"330",2022091110,4,1,10,33,77,"SHOTGUN","2x2",6.41666666666667,"6-9 min","local",1,1,1,1,1,0,1,1,1,1,1,0,0,1,0,0,0,0,0,0,0,0,0,0,0,0,0,0,0,0,-29,"rival",TRUE
"331",2022103005,2,1,10,41,69,"EMPTY","3x2",2.45,"12-15 min","visitante",0,0,1,1,0,0,0,1,1,0,0,0,0,1,0,0,0,1,0,0,0,0,1,1,0,0,1,1,0,1,-11,"rival",TRUE
"332",2022092510,1,2,4,31,79,"PISTOL","2x1",14.4666666666667,"0-3 min","local",1,1,1,0,1,1,0,1,1,1,0,0,1,0,0,0,0,0,0,0,1,0,1,0,0,0,0,0,0,0,0,"ARI",FALSE
"333",2022103005,2,2,10,36,46,"EMPTY","3x2",9.21666666666667,"3-6 min","visitante",1,0,1,1,0,0,0,1,1,0,0,0,0,0,0,0,0,1,0,0,0,1,0,1,0,0,1,1,0,1,-11,"ARI",TRUE
"334",2022101609,3,3,3,28,38,"SHOTGUN","2x1",9.93333333333333,"3-6 min","visitante",1,0,1,0,1,0,1,1,1,1,0,0,0,1,0,1,0,0,0,0,0,0,1,1,0,0,0,0,0,0,-6,"rival",FALSE
"335",2022101609,4,2,3,14,24,"SHOTGUN","2x2",6.33333333333333,"6-9 min","visitante",1,0,1,1,1,0,1,1,1,1,0,0,0,1,0,1,0,0,0,0,0,0,0,1,0,0,0,0,0,0,-10,"ARI",TRUE
"336",2022100911,1,1,10,17,27,"PISTOL","2x2",14.9166666666667,"0-3 min","local",0,0,1,1,1,1,1,1,1,1,0,0,0,0,0,0,0,0,0,0,1,0,1,1,0,0,0,0,0,0,0,"ARI",FALSE
"337",2022103005,4,2,7,44,54,"SHOTGUN","3x1",6.91666666666667,"6-9 min","visitante",0,0,1,1,0,0,0,1,1,0,0,0,0,1,0,0,0,1,0,0,0,0,1,1,0,0,1,1,0,1,-8,"rival",TRUE
"338",2022100911,2,2,1,44,66,"SHOTGUN","2x2",1.46666666666667,"12-15 min","local",0,0,1,1,1,0,1,1,1,1,0,0,0,0,0,0,0,0,1,0,1,1,0,1,0,0,0,0,0,0,-7,"ARI",TRUE
"339",2022091811,3,1,10,42,68,"PISTOL","2x2",9.48333333333333,"3-6 min","visitante",1,1,1,0,1,0,0,1,1,1,0,1,0,0,0,0,0,0,1,0,1,1,0,0,0,0,0,0,0,0,-20,"rival",FALSE
"340",2022091110,4,2,6,6,104,"EMPTY","3x2",13.15,"0-3 min","local",1,1,1,1,1,1,1,1,1,1,1,0,0,0,0,0,0,0,0,0,0,0,0,0,0,0,0,0,0,0,-30,"rival",TRUE
"341",2022102000,2,2,3,18,28,"SHOTGUN","3x1",5.98333333333333,"9-12 min","local",0,0,1,0,1,0,0,1,1,0,1,0,0,1,0,0,0,0,0,0,0,0,1,1,0,0,1,1,0,1,-8,"rival",FALSE
"342",2022102000,2,2,14,17,27,"SHOTGUN","3x1",4.63333333333333,"9-12 min","local",0,0,1,1,1,0,0,1,1,0,1,0,0,0,0,0,0,0,0,0,0,0,0,1,1,0,1,1,0,1,-8,"rival",TRUE
"343",2022100203,3,2,10,22,88,"PISTOL","2x2",5.7,"9-12 min","visitante",0,1,1,1,1,0,0,1,1,1,0,0,0,0,1,1,0,0,0,0,0,1,0,1,0,0,0,0,0,0,0,"ARI",TRUE
"344",2022101609,1,2,4,31,41,"SHOTGUN","3x1",1.98333333333333,"12-15 min","visitante",1,0,1,1,1,0,1,1,1,1,0,0,0,1,0,0,0,0,0,0,1,0,0,1,0,0,0,0,0,0,0,"rival",FALSE
"345",2022103005,2,1,10,25,35,"SHOTGUN","3x1",9.9,"3-6 min","visitante",0,0,1,1,0,0,0,1,1,0,1,0,0,0,0,0,0,1,0,0,0,1,0,1,0,0,1,1,0,1,-11,"ARI",TRUE
"346",2022092510,3,1,10,32,42,"SHOTGUN","2x1",6.78333333333333,"6-9 min","local",0,1,1,1,1,0,0,1,1,1,1,0,0,1,1,0,0,0,0,0,1,0,0,0,0,0,0,0,0,0,-7,"rival",TRUE
"347",2022102000,3,1,10,27,83,"SHOTGUN","2x1",5.65,"9-12 min","local",0,0,1,1,1,0,0,1,1,0,1,0,0,1,0,0,0,0,0,0,0,0,0,1,1,0,0,1,0,1,11,"ARI",TRUE
"348",2022102000,2,3,10,10,20,"EMPTY","3x2",13.3833333333333,"0-3 min","local",0,0,1,1,1,0,0,1,1,0,1,0,0,1,0,1,0,0,0,0,0,0,0,1,0,0,1,1,0,0,-4,"rival",TRUE
"349",2022103005,3,3,15,20,30,"SHOTGUN","3x1",12.5166666666667,"0-3 min","visitante",0,0,1,0,0,0,0,1,1,0,0,0,0,1,0,0,0,1,0,0,0,1,0,1,0,0,1,1,1,1,-4,"ARI",TRUE
"350",2022110608,3,1,10,31,79,"SHOTGUN","2x2",11.25,"3-6 min","local",0,0,1,1,1,1,0,0,1,0,0,0,0,0,0,0,0,0,0,1,0,0,0,1,0,0,1,1,1,1,-3,"ARI",TRUE
"351",2022100911,4,3,5,15,95,"SHOTGUN","3x1",14.4166666666667,"0-3 min","local",1,0,1,1,1,0,1,1,1,1,0,0,0,1,0,0,0,0,0,0,1,0,0,1,0,0,0,0,0,0,-7,"ARI",TRUE
"352",2022091811,5,1,10,36,74,"PISTOL","2x2",8.9,"6-9 min","visitante",1,1,1,1,1,0,0,1,1,1,0,0,1,1,0,0,0,0,0,0,1,0,0,0,0,0,0,0,0,0,0,"ARI",TRUE
"353",2022101609,4,1,10,20,30,"SHOTGUN","2x2",5.83333333333333,"9-12 min","visitante",1,0,1,1,1,0,1,1,1,1,0,0,0,1,0,1,0,0,0,0,0,0,0,1,0,0,0,0,0,0,-10,"ARI",TRUE
"354",2022102000,1,1,10,37,73,"SHOTGUN","3x1",11.7666666666667,"3-6 min","local",0,0,1,0,1,0,0,1,1,0,1,0,0,1,0,1,0,0,0,0,0,0,1,1,1,0,0,1,0,0,-7,"rival",TRUE
"355",2022092510,3,3,9,31,41,"SHOTGUN","3x1",5.33333333333333,"9-12 min","local",0,1,1,1,1,1,0,1,1,1,1,0,0,0,1,0,0,0,0,0,1,0,0,0,0,0,0,0,0,0,-7,"rival",TRUE
"356",2022091110,4,2,3,41,69,"SHOTGUN","2x2",6.96666666666667,"6-9 min","local",1,1,1,1,1,0,1,1,1,1,1,0,0,1,0,0,0,0,0,0,0,0,0,0,0,0,0,0,0,0,-29,"rival",TRUE
"357",2022102000,2,1,7,7,17,"PISTOL","2x1",14.2333333333333,"0-3 min","local",0,0,1,1,1,0,0,1,1,0,0,0,0,1,0,1,0,0,0,0,0,0,1,0,0,0,1,1,1,0,-4,"rival",FALSE
"358",2022103005,1,1,10,39,71,"PISTOL","2x1",3.15,"9-12 min","visitante",0,0,1,0,0,0,0,1,1,0,0,0,1,1,0,0,0,1,0,0,0,0,1,1,0,0,1,1,0,1,-4,"ARI",FALSE
"359",2022092510,4,1,10,43,67,"SHOTGUN","2x2",13.4166666666667,"0-3 min","local",0,1,1,1,1,1,0,1,1,1,1,0,0,0,0,0,0,0,1,0,1,0,0,0,0,0,0,0,0,0,-11,"rival",TRUE
"360",2022110608,4,2,10,27,83,"SHOTGUN","3x1",4.78333333333333,"9-12 min","local",0,0,1,1,1,1,0,0,1,0,0,0,0,0,0,0,0,0,0,1,0,0,0,1,0,0,1,1,1,1,-10,"rival",TRUE
"361",2022100203,1,2,5,14,24,"SHOTGUN","3x1",8.9,"6-9 min","visitante",0,1,1,1,1,1,0,1,1,1,1,0,0,0,0,0,0,0,0,0,1,0,0,1,0,0,0,0,0,0,0,"rival",FALSE
"362",2022101609,2,2,10,49,59,"SHOTGUN","3x1",4.7,"9-12 min","visitante",0,0,1,1,1,0,1,1,1,1,0,0,0,1,0,1,0,0,0,0,0,0,1,1,0,0,0,0,0,0,-3,"ARI",TRUE
"363",2022091811,2,3,21,24,34,"EMPTY","3x2",9.46666666666667,"3-6 min","visitante",1,1,1,0,1,1,0,1,1,1,0,0,0,0,0,0,0,0,1,0,1,1,0,0,0,0,0,0,0,0,-10,"ARI",TRUE
"364",2022091811,4,3,3,3,13,"SHOTGUN","3x1",0.133333333333333,"12-15 min","visitante",1,1,1,1,1,0,0,1,1,1,1,0,0,0,0,0,0,0,0,0,1,1,0,0,0,0,0,0,0,0,-8,"rival",TRUE
"365",2022103005,2,2,2,36,46,"SHOTGUN","2x2",3.31666666666667,"9-12 min","visitante",1,0,1,1,0,0,0,1,1,0,0,0,0,1,0,0,0,1,0,0,0,0,0,1,0,0,1,1,0,1,-11,"ARI",FALSE
"366",2022091110,1,3,1,34,44,"EMPTY","4x1",8.6,"6-9 min","local",1,1,1,1,1,1,1,1,1,1,1,0,0,0,0,0,0,0,0,0,0,0,0,0,0,0,0,0,0,0,-7,"ARI",TRUE
"367",2022110608,3,2,17,36,74,"SHOTGUN","3x1",0.55,"12-15 min","local",0,0,1,1,1,1,0,0,1,0,0,0,0,0,0,0,0,0,0,1,0,0,1,1,0,0,0,1,1,1,-3,"ARI",TRUE
"368",2022103005,4,2,10,37,47,"SHOTGUN","2x2",0.45,"12-15 min","visitante",0,0,1,1,0,0,0,1,1,0,1,0,0,0,0,0,0,1,0,0,0,1,0,1,0,0,1,1,0,1,-8,"rival",TRUE
"369",2022100203,3,3,1,20,90,"SHOTGUN","2x2",11.7833333333333,"3-6 min","visitante",0,1,1,1,1,1,0,1,1,1,1,0,0,0,0,1,0,0,0,0,0,0,0,1,0,0,0,0,0,0,-7,"ARI",FALSE
"370",2022102000,2,2,10,25,85,"SHOTGUN","2x2",9.93333333333333,"3-6 min","local",0,0,1,1,1,0,0,1,1,0,1,0,0,0,0,0,0,0,0,0,0,0,1,1,1,0,0,1,0,1,-8,"ARI",TRUE
"371",2022103005,4,1,10,25,85,"SHOTGUN","2x2",8.6,"6-9 min","visitante",0,0,1,1,0,0,0,1,1,0,0,0,0,1,0,0,0,1,0,0,0,0,0,1,0,0,1,1,1,1,-8,"ARI",TRUE
"372",2022100911,2,1,10,7,103,"SHOTGUN","3x1",3.36666666666667,"9-12 min","local",1,0,1,1,1,1,1,1,1,1,0,0,0,0,0,0,0,0,0,0,1,0,0,1,0,0,0,0,0,0,-7,"ARI",FALSE
"373",2022092510,3,2,3,37,47,"PISTOL","3x1",7.21666666666667,"6-9 min","local",0,1,1,1,1,0,0,1,1,1,1,0,0,1,1,0,0,0,0,0,1,0,0,0,0,0,0,0,0,0,-7,"rival",FALSE
"374",2022100203,3,1,10,22,88,"SHOTGUN","3x1",11.1666666666667,"3-6 min","visitante",0,1,1,1,1,0,0,1,1,1,0,0,0,1,0,1,0,0,1,0,0,0,0,1,0,0,0,0,0,0,-7,"ARI",TRUE
"375",2022100911,4,1,10,39,49,"PISTOL","3x1",12.0833333333333,"0-3 min","local",0,0,1,1,1,0,1,1,1,1,0,0,0,1,0,0,0,0,0,0,1,0,1,1,0,0,0,0,0,0,-7,"rival",TRUE
"376",2022092510,4,1,10,45,65,"SHOTGUN","2x2",2.45,"12-15 min","local",0,1,1,1,1,1,0,1,1,1,1,0,0,0,1,0,0,0,0,0,1,0,0,0,0,0,0,0,0,0,-11,"rival",TRUE
"377",2022100911,3,1,10,47,57,"SHOTGUN","3x1",6.06666666666667,"6-9 min","local",1,0,1,1,1,0,1,1,1,1,0,0,0,1,0,0,0,0,0,0,1,0,0,1,0,0,0,0,0,0,-7,"ARI",FALSE
"378",2022101609,4,1,10,25,35,"SHOTGUN","3x1",13.4,"0-3 min","visitante",1,0,1,1,1,0,1,1,1,1,0,0,0,1,0,1,0,0,0,0,0,0,0,1,0,0,0,0,0,0,-10,"ARI",FALSE
"379",2022102000,1,1,10,25,35,"SHOTGUN","2x2",12.8833333333333,"0-3 min","local",0,0,1,1,1,0,0,1,1,0,0,0,0,1,0,1,0,0,0,0,0,0,1,1,0,0,1,1,0,0,-7,"ARI",FALSE
"380",2022091811,4,3,4,25,35,"EMPTY","3x2",8.75,"6-9 min","visitante",1,1,1,1,1,0,0,1,1,1,1,0,0,0,0,0,0,0,0,0,1,1,0,0,0,0,0,0,0,0,-16,"rival",TRUE
"381",2022110608,4,2,10,16,94,"SHOTGUN","2x2",4.28333333333333,"9-12 min","local",0,0,1,1,1,1,0,0,1,0,1,0,0,0,0,0,0,0,0,1,0,0,0,0,0,0,1,1,1,1,-10,"rival",TRUE
"382",2022092510,2,2,18,22,32,"EMPTY","3x2",10.3666666666667,"3-6 min","local",1,1,1,1,1,1,0,1,1,1,1,0,0,0,0,0,0,0,0,0,1,0,0,0,0,0,0,0,0,0,-13,"ARI",TRUE
"383",2022102000,3,1,10,25,85,"PISTOL","3x1",9.73333333333333,"3-6 min","local",0,0,1,1,1,0,0,1,1,0,1,0,0,1,0,0,0,0,0,0,0,0,0,1,0,0,1,1,0,1,11,"ARI",FALSE
"384",2022092510,2,2,10,27,83,"SHOTGUN","3x1",5.15,"9-12 min","local",0,1,1,0,1,0,0,1,1,0,0,0,1,1,1,0,0,0,1,0,1,0,1,0,0,0,0,0,0,0,-13,"rival",TRUE
"385",2022092510,4,2,10,43,67,"SHOTGUN","3x1",13.3333333333333,"0-3 min","local",0,1,1,1,1,1,0,1,1,1,1,0,0,0,0,0,0,0,1,0,1,0,0,0,0,0,0,0,0,0,-11,"rival",TRUE
"386",2022100911,2,2,1,38,48,"SHOTGUN","2x2",1.1,"12-15 min","local",0,0,1,1,1,0,1,1,1,1,0,0,0,0,0,0,0,0,1,0,1,1,0,1,0,0,0,0,0,0,-7,"rival",FALSE
"387",2022103005,4,2,4,19,91,"SHOTGUN","2x2",1.5,"12-15 min","visitante",0,0,1,1,0,0,0,1,1,0,1,0,0,1,0,0,0,1,0,0,0,0,0,1,0,0,1,1,0,1,-8,"ARI",TRUE
"388",2022100203,2,1,10,18,28,"SHOTGUN","3x1",1.08333333333333,"12-15 min","visitante",0,1,1,1,1,1,0,1,1,1,1,0,0,0,0,1,0,0,0,0,0,0,0,1,0,0,0,0,0,0,-4,"ARI",TRUE
"389",2022110608,2,2,8,5,105,"SHOTGUN","2x1",2.31666666666667,"12-15 min","local",0,0,1,1,1,0,0,0,1,0,0,0,0,1,0,0,0,0,0,1,0,0,0,1,0,0,1,1,1,1,-3,"ARI",TRUE
"390",2022091811,2,3,2,42,68,"SHOTGUN","3x1",2.01666666666667,"12-15 min","visitante",1,1,1,1,1,1,0,1,1,1,0,0,0,0,0,0,0,0,1,0,1,0,0,0,0,0,0,0,0,0,-17,"rival",TRUE
"391",2022092510,3,2,6,29,81,"EMPTY","3x2",10.4833333333333,"3-6 min","local",0,1,1,1,1,0,0,1,1,1,1,0,0,1,1,0,0,0,0,0,1,0,0,0,0,0,0,0,0,0,-7,"ARI",TRUE
"392",2022101609,3,1,10,43,53,"PISTOL","2x1",3.78333333333333,"9-12 min","visitante",0,0,1,1,1,0,1,1,1,1,0,0,0,0,0,1,0,0,0,0,0,0,1,1,1,0,0,0,0,0,-9,"rival",FALSE
"393",2022091811,3,2,2,34,76,"SHOTGUN","3x1",8.95,"6-9 min","visitante",0,1,1,0,1,0,0,1,1,1,1,0,1,0,0,0,0,0,1,0,1,1,0,0,0,0,0,0,0,0,-20,"rival",FALSE
"394",2022101609,2,2,10,36,46,"EMPTY","3x2",1.2,"12-15 min","visitante",1,0,1,1,1,0,1,1,1,1,0,0,0,1,0,1,0,0,0,0,0,0,0,1,0,0,0,0,0,0,-3,"ARI",TRUE
"395",2022100911,4,1,10,27,37,"SHOTGUN","2x2",10.9,"3-6 min","local",1,0,1,0,1,0,1,1,1,1,0,0,0,1,0,0,0,0,0,0,1,0,1,1,0,0,0,0,0,0,-7,"rival",TRUE
"396",2022100203,2,1,10,33,43,"SINGLEBACK","3x1",10.3,"3-6 min","visitante",0,1,1,1,1,0,0,1,1,1,0,1,0,0,1,1,0,0,0,0,0,1,0,0,0,0,0,0,0,0,-7,"ARI",TRUE
"397",2022100911,4,2,14,43,53,"EMPTY","4x1",11.3666666666667,"3-6 min","local",1,0,1,0,1,0,1,1,1,1,0,0,0,1,0,0,0,0,0,0,1,0,1,1,0,0,0,0,0,0,-7,"rival",TRUE
"398",2022103005,1,1,10,45,55,"EMPTY","3x2",9.03333333333333,"3-6 min","visitante",1,0,1,1,0,0,0,1,1,0,0,0,0,1,0,0,0,1,0,0,0,0,0,1,0,0,1,1,0,1,-7,"rival",TRUE
"399",2022091110,1,2,18,41,51,"SHOTGUN","2x1",0.0666666666666667,"12-15 min","local",1,1,1,0,1,1,1,1,1,1,1,0,0,1,0,0,0,0,0,0,0,0,0,0,0,0,0,0,0,0,-14,"ARI",TRUE
"400",2022100911,4,1,10,33,77,"SHOTGUN","3x1",12.4666666666667,"0-3 min","local",0,0,1,1,1,0,1,1,1,1,0,0,0,1,0,0,0,0,0,0,1,0,1,1,0,0,0,0,0,0,-7,"ARI",TRUE
"401",2022103005,1,1,10,29,39,"PISTOL","2x2",7.7,"6-9 min","visitante",0,0,1,0,0,0,0,1,1,0,0,0,1,1,0,0,0,1,0,0,0,0,1,1,0,0,1,1,0,1,-7,"rival",FALSE
"402",2022103005,4,1,10,36,74,"SHOTGUN","3x1",7.98333333333333,"6-9 min","visitante",0,0,1,1,0,0,0,1,1,0,0,0,0,1,0,0,0,1,0,0,0,0,0,1,0,0,1,1,1,1,-8,"ARI",TRUE
"403",2022092510,1,1,10,25,85,"SINGLEBACK","2x2",15,"0-3 min","local",1,1,1,1,1,1,0,1,1,1,0,0,0,0,0,0,0,0,0,0,1,0,1,0,0,0,0,0,0,0,0,"ARI",TRUE
"404",2022092510,1,3,21,27,83,"SHOTGUN","3x1",2.3,"12-15 min","local",1,1,1,1,1,0,0,1,1,1,1,0,0,1,0,0,0,0,0,0,1,0,0,0,0,0,0,0,0,0,-10,"ARI",TRUE
"405",2022110608,2,2,14,39,71,"SHOTGUN","2x2",1.16666666666667,"12-15 min","local",0,0,1,1,1,0,0,0,1,0,0,0,0,1,0,0,0,0,0,1,0,0,0,1,0,0,1,1,1,1,-3,"ARI",TRUE
"406",2022092510,2,1,10,28,38,"SHOTGUN","2x2",0.8,"12-15 min","local",1,1,1,1,1,0,0,1,1,1,1,0,0,0,0,1,0,0,0,0,0,1,0,0,0,0,0,0,0,0,-10,"ARI",TRUE
"407",2022100203,2,3,9,20,90,"SHOTGUN","3x1",3.68333333333333,"9-12 min","visitante",0,1,1,1,1,0,0,1,1,1,0,0,0,0,1,1,0,0,0,0,0,1,0,1,0,0,0,0,0,0,-7,"rival",TRUE
"408",2022091811,4,1,10,25,35,"SHOTGUN","3x1",1.91666666666667,"12-15 min","visitante",1,1,1,1,1,0,0,1,1,1,1,0,0,1,0,0,0,0,0,0,1,0,0,0,0,0,0,0,0,0,-8,"rival",TRUE
"409",2022092510,2,2,10,25,35,"SHOTGUN","1x1",13.3,"0-3 min","local",1,1,1,0,1,1,0,1,1,1,1,1,0,0,0,0,0,0,0,0,1,0,0,0,0,0,0,0,0,0,-13,"ARI",TRUE
"410",2022102000,2,3,7,10,20,"SHOTGUN","3x1",3.85,"9-12 min","local",0,0,1,1,1,0,0,1,1,0,1,0,0,1,0,0,0,0,0,0,0,0,0,1,0,0,1,1,0,1,-8,"rival",TRUE
"411",2022101609,3,1,10,49,59,"SHOTGUN","2x2",12.5166666666667,"0-3 min","visitante",1,0,1,1,1,0,1,1,1,1,0,0,0,1,0,1,0,0,0,0,0,0,0,1,0,0,0,0,0,0,-6,"rival",FALSE
"412",2022101609,3,2,12,45,55,"SHOTGUN","3x1",3.1,"9-12 min","visitante",1,0,1,1,1,0,1,1,1,1,0,0,0,1,0,1,0,0,0,0,0,0,0,1,0,0,0,0,0,0,-9,"rival",TRUE
"413",2022103005,2,1,10,26,84,"WILDCAT","3x1",1.68333333333333,"12-15 min","visitante",0,0,1,1,0,0,0,1,1,0,0,0,0,1,0,0,0,1,0,0,0,0,1,1,0,0,1,1,0,1,-11,"rival",FALSE
"414",2022101609,4,2,19,8,18,"EMPTY","3x2",8.05,"6-9 min","visitante",1,0,1,1,1,0,1,1,1,1,0,0,0,1,0,1,0,0,0,0,0,0,0,1,0,0,0,0,0,0,-10,"ARI",TRUE
"415",2022101609,4,3,13,27,37,"SHOTGUN","3x1",0.4,"12-15 min","visitante",1,0,1,1,1,0,1,1,1,0,1,0,0,0,0,1,0,0,0,0,0,0,0,1,1,0,0,0,0,0,-10,"ARI",TRUE
"416",2022101609,3,2,15,35,75,"EMPTY","3x2",12.8833333333333,"0-3 min","visitante",1,0,1,1,1,0,1,1,1,1,0,0,0,1,0,1,0,0,0,0,0,0,0,1,0,0,0,0,0,0,-6,"ARI",TRUE
"417",2022100203,2,2,5,23,33,"SHOTGUN","2x2",0.983333333333333,"12-15 min","visitante",0,1,1,1,1,1,0,1,1,1,1,0,0,0,0,1,0,0,0,0,0,0,0,1,0,0,0,0,0,0,-4,"ARI",TRUE
"418",2022110608,2,1,10,21,89,"SHOTGUN","3x1",10.5333333333333,"3-6 min","local",0,0,1,1,1,1,0,0,1,0,0,0,0,0,0,0,0,0,0,1,0,0,1,1,0,0,1,1,0,1,-3,"ARI",TRUE
"419",2022091110,4,2,9,22,32,"SHOTGUN","2x2",1.36666666666667,"12-15 min","local",0,0,0,0,1,0,1,0,0,1,1,0,0,1,1,1,1,1,1,1,0,0,0,0,0,0,0,0,0,0,-23,"ARI",TRUE
"420",2022101609,1,2,6,45,65,"SHOTGUN","2x2",4.3,"9-12 min","visitante",1,0,1,0,1,0,1,1,1,1,0,0,0,1,0,0,0,0,0,0,1,0,1,1,0,0,0,0,0,0,0,"ARI",TRUE
"421",2022110608,1,1,10,43,53,"SHOTGUN","2x2",9.08333333333333,"3-6 min","local",0,0,1,1,1,1,0,1,1,0,0,0,0,0,0,0,0,0,0,0,0,0,1,1,0,0,1,1,0,1,-3,"ARI",FALSE
"422",2022102000,4,1,5,5,105,"SHOTGUN","2x2",7.13333333333333,"6-9 min","local",0,0,1,1,1,0,0,1,1,0,0,0,0,1,0,0,0,0,0,0,0,0,1,1,0,0,1,1,0,1,11,"rival",FALSE
"423",2022100203,3,2,3,3,13,"SINGLEBACK","3x1",8.41666666666667,"6-9 min","visitante",0,1,1,1,1,1,0,1,1,1,0,1,0,0,0,1,0,0,0,0,0,0,1,0,0,0,0,0,0,0,-7,"rival",FALSE
"424",2022110608,1,2,8,45,55,"PISTOL","3x1",8.55,"6-9 min","local",0,0,1,1,1,1,0,1,1,0,0,0,0,0,0,0,0,0,0,0,0,0,1,1,0,0,0,1,1,1,-3,"ARI",TRUE
"425",2022103005,4,3,8,11,21,"EMPTY","3x2",13.2666666666667,"0-3 min","visitante",1,0,1,1,0,0,0,1,1,0,0,0,0,1,0,0,0,1,0,0,0,0,0,1,0,0,1,1,0,1,-5,"rival",FALSE
"426",2022091811,4,4,1,43,53,"I_FORM","2x1",2.46666666666667,"12-15 min","visitante",1,1,1,1,1,0,0,1,1,0,0,1,0,1,0,0,0,0,0,0,1,1,0,0,0,0,0,0,0,0,-8,"rival",TRUE
"427",2022101609,1,1,10,41,69,"SHOTGUN","2x1",4.83333333333333,"9-12 min","visitante",1,0,1,1,1,0,1,1,1,1,0,0,0,1,0,0,0,0,0,0,1,0,0,1,0,0,0,0,0,0,0,"ARI",FALSE
"428",2022091811,4,2,7,22,32,"SHOTGUN","3x1",1.56666666666667,"12-15 min","visitante",1,1,1,1,1,0,0,1,1,1,1,0,0,1,0,0,0,0,0,0,1,0,0,0,0,0,0,0,0,0,-8,"rival",TRUE
"429",2022102000,1,2,9,17,93,"SHOTGUN","3x1",0.133333333333333,"12-15 min","local",0,0,1,1,1,0,0,1,1,0,1,0,0,0,0,1,0,0,0,0,0,0,0,1,1,0,1,1,0,0,-4,"rival",TRUE
"430",2022092510,4,4,4,26,84,"SHOTGUN","3x1",11.5833333333333,"3-6 min","local",0,1,1,1,1,1,0,1,1,1,1,0,0,0,0,0,0,0,1,0,1,0,0,0,0,0,0,0,0,0,-11,"rival",TRUE
"431",2022091811,3,2,6,26,84,"SHOTGUN","2x2",7.71666666666667,"6-9 min","visitante",1,1,1,1,1,0,0,1,1,1,1,0,0,1,0,0,0,0,0,0,1,0,0,0,0,0,0,0,0,0,-20,"rival",TRUE
"432",2022101609,4,2,10,20,30,"SHOTGUN","2x2",5.73333333333333,"9-12 min","visitante",1,0,1,1,1,0,1,1,1,1,0,0,0,1,0,1,0,0,0,0,0,0,0,1,0,0,0,0,0,0,-10,"ARI",TRUE
"433",2022110608,2,2,10,40,70,"SHOTGUN","3x1",6.6,"6-9 min","local",0,0,1,1,1,1,0,0,1,0,0,0,0,0,0,0,0,0,0,1,0,0,0,1,0,0,1,1,1,1,-3,"ARI",FALSE
"434",2022103005,4,2,4,44,54,"EMPTY","3x2",2.9,"12-15 min","visitante",0,0,1,1,0,0,0,1,1,0,1,0,0,0,0,0,0,1,0,0,0,1,0,1,0,0,1,1,0,1,-8,"rival",TRUE
"435",2022103005,2,2,10,14,96,"SHOTGUN","3x1",0.983333333333333,"12-15 min","visitante",1,0,1,1,0,0,0,1,1,0,0,0,0,1,0,0,0,1,0,0,0,0,0,1,0,0,1,1,0,1,-11,"rival",TRUE
"436",2022091811,3,1,10,39,49,"SHOTGUN","2x2",0.483333333333333,"12-15 min","visitante",1,1,1,0,1,0,0,1,1,1,1,1,0,1,0,0,0,0,0,0,1,0,0,0,0,0,0,0,0,0,-16,"ARI",TRUE
"437",2022091110,2,2,7,28,82,"SHOTGUN","2x1",6.96666666666667,"6-9 min","local",1,1,1,0,1,1,1,1,1,1,1,0,0,1,0,0,0,0,0,0,0,0,0,0,0,0,0,0,0,0,-13,"ARI",TRUE
"438",2022100911,2,1,10,21,31,"EMPTY","3x2",0.75,"12-15 min","local",1,0,1,1,1,0,1,1,1,1,0,0,0,1,0,0,0,0,0,0,1,0,0,1,0,0,0,0,0,0,-7,"rival",TRUE
"439",2022100203,4,1,5,5,105,"SHOTGUN","3x1",11.1333333333333,"3-6 min","visitante",0,1,1,1,1,1,1,0,1,1,0,1,0,0,0,1,0,0,0,0,0,0,1,0,0,0,0,0,0,0,3,"rival",FALSE
"440",2022101609,4,3,3,14,24,"SHOTGUN","2x2",6.21666666666667,"6-9 min","visitante",1,0,1,1,1,0,1,1,1,1,0,0,0,1,0,1,0,0,0,0,0,0,0,1,0,0,0,0,0,0,-10,"ARI",TRUE
"441",2022101609,1,1,10,26,36,"SHOTGUN","2x2",1.41666666666667,"12-15 min","visitante",1,0,1,1,1,0,1,1,1,1,0,0,0,0,0,0,0,0,0,0,1,0,0,1,1,0,0,0,0,0,0,"rival",FALSE
"442",2022102000,1,1,10,20,30,"SHOTGUN","2x2",2.1,"12-15 min","local",0,0,1,1,1,0,0,1,1,0,1,0,0,1,0,1,0,0,0,0,0,0,0,1,0,0,1,1,0,0,-4,"ARI",FALSE
"443",2022102000,2,1,2,2,12,"PISTOL","2x2",2.53333333333333,"12-15 min","local",0,0,1,0,1,0,0,1,1,0,0,0,0,0,0,0,0,0,0,0,0,0,1,1,1,0,1,1,1,1,-8,"rival",FALSE
"444",2022100203,3,1,10,22,88,"SHOTGUN","3x1",5.8,"9-12 min","visitante",0,1,1,1,1,0,0,1,1,1,0,0,0,0,0,1,0,0,0,0,0,1,1,1,0,0,0,0,0,0,0,"ARI",TRUE
"445",2022101609,3,2,9,34,44,"PISTOL","1x1",10.7166666666667,"3-6 min","visitante",1,0,1,1,1,0,1,1,1,1,0,0,0,0,0,1,0,0,0,0,0,0,1,0,1,0,0,0,0,0,-6,"rival",TRUE
"446",2022110608,1,1,10,41,69,"SHOTGUN","3x1",8.03333333333333,"6-9 min","local",0,0,1,1,1,1,0,1,1,0,0,0,0,0,0,0,0,0,0,0,0,0,0,1,0,0,1,1,1,1,-3,"rival",FALSE
"447",2022092510,1,3,2,33,77,"SHOTGUN","3x1",13.7666666666667,"0-3 min","local",1,1,1,1,1,1,0,1,1,1,1,0,0,0,0,0,0,0,0,0,1,0,0,0,0,0,0,0,0,0,0,"ARI",TRUE
"448",2022092510,3,4,1,20,90,"SHOTGUN","3x1",11.3666666666667,"3-6 min","local",0,1,1,1,1,1,0,1,1,1,1,0,0,0,1,0,0,0,0,0,1,0,0,0,0,0,0,0,0,0,-7,"ARI",FALSE
"449",2022101609,1,1,10,19,91,"SHOTGUN","3x1",14.9166666666667,"0-3 min","visitante",0,0,1,1,1,0,1,1,1,1,0,0,0,1,0,0,0,0,0,0,1,0,1,1,0,0,0,0,0,0,0,"ARI",TRUE
"450",2022100911,1,1,10,48,58,"SHOTGUN","3x1",3.91666666666667,"9-12 min","local",1,0,1,1,1,1,1,1,1,1,0,0,0,0,0,0,0,0,0,0,1,0,0,1,0,0,0,0,0,0,-7,"ARI",FALSE
"451",2022092510,2,3,1,5,105,"I_FORM","2x1",3.3,"9-12 min","local",1,1,1,1,1,1,0,1,1,1,0,1,0,0,0,0,0,0,0,0,1,0,0,0,0,0,0,0,0,0,-13,"rival",FALSE
"452",2022103005,4,4,4,44,54,"SHOTGUN","2x2",2.75,"12-15 min","visitante",0,0,1,1,0,0,0,1,1,0,1,0,0,1,0,0,0,1,0,0,0,0,0,1,0,0,1,1,0,1,-8,"rival",TRUE
"453",2022100911,1,3,10,48,58,"EMPTY","3x2",2.76666666666667,"12-15 min","local",1,0,1,1,1,0,1,1,1,1,0,0,0,1,0,0,0,0,0,0,1,0,0,1,0,0,0,0,0,0,-7,"ARI",TRUE
"454",2022102000,2,2,9,29,39,"EMPTY","3x2",7.3,"6-9 min","local",0,0,1,1,1,0,0,1,1,0,0,0,0,1,0,0,0,0,0,0,0,0,1,1,0,0,1,1,0,1,-8,"rival",TRUE
"455",2022103005,4,2,10,36,74,"SHOTGUN","3x1",7.91666666666667,"6-9 min","visitante",0,0,1,1,0,0,0,1,1,0,0,0,0,1,0,0,0,1,0,0,0,0,0,1,0,0,1,1,1,1,-8,"ARI",TRUE
"456",2022103005,1,1,10,49,59,"SHOTGUN","3x1",1.4,"12-15 min","visitante",1,0,1,1,0,0,0,1,1,0,0,0,0,1,0,0,0,1,0,0,0,0,0,1,0,0,1,1,0,1,-4,"rival",TRUE
"457",2022091811,1,2,4,31,79,"SHOTGUN","3x1",4.78333333333333,"9-12 min","visitante",1,1,1,0,1,1,0,1,1,1,1,0,1,0,0,0,0,0,0,0,1,0,0,0,0,0,0,0,0,0,-7,"ARI",FALSE
"458",2022100911,4,1,10,21,89,"SHOTGUN","2x1",14.0666666666667,"0-3 min","local",1,0,1,1,1,0,1,1,1,1,0,0,0,1,0,0,0,0,0,0,1,0,0,1,0,0,0,0,0,0,-7,"ARI",TRUE
"459",2022091811,3,1,10,45,55,"EMPTY","4x1",10.6166666666667,"3-6 min","visitante",1,1,1,1,1,0,0,1,1,1,1,0,0,1,0,0,0,0,0,0,1,0,0,0,0,0,0,0,0,0,-20,"ARI",TRUE
"460",2022092510,2,1,20,20,30,"SHOTGUN","3x1",10.9833333333333,"3-6 min","local",1,1,1,1,1,1,0,1,1,1,1,0,0,0,0,0,0,0,0,0,1,0,0,0,0,0,0,0,0,0,-13,"ARI",TRUE
"461",2022091110,2,1,10,25,85,"SHOTGUN","2x2",7.53333333333333,"6-9 min","local",0,1,1,1,1,1,1,1,1,0,1,1,0,0,1,0,0,0,0,0,0,0,0,0,0,0,0,0,0,0,-13,"ARI",TRUE
"462",2022102000,2,4,1,4,14,"PISTOL","2x1",3.2,"9-12 min","local",0,0,1,0,1,0,0,1,1,0,0,0,1,1,0,0,0,1,0,0,0,0,1,1,0,0,0,1,0,1,-8,"rival",FALSE
"463",2022091811,4,1,10,46,64,"SHOTGUN","3x1",12.1166666666667,"0-3 min","visitante",1,1,1,1,1,0,0,1,1,1,1,0,0,1,0,0,0,0,0,0,1,0,0,0,0,0,0,0,0,0,-16,"ARI",FALSE
"464",2022101609,1,3,6,22,32,"SHOTGUN","3x1",0.216666666666667,"12-15 min","visitante",1,0,1,1,1,0,1,1,1,1,0,0,0,1,0,0,0,0,0,0,1,0,0,1,0,0,0,0,0,0,0,"rival",TRUE
"465",2022103005,2,1,10,36,46,"SHOTGUN","2x1",9.3,"3-6 min","visitante",1,0,1,1,0,0,0,1,1,0,0,0,0,0,0,0,0,1,0,0,0,1,0,1,0,0,1,1,0,1,-11,"ARI",TRUE
"466",2022102000,4,2,5,5,105,"SHOTGUN","2x2",6.43333333333333,"6-9 min","local",0,0,1,1,1,0,0,1,1,0,1,0,0,1,0,0,0,0,0,0,0,0,1,0,0,0,1,1,0,1,11,"rival",FALSE
"467",2022100911,1,2,12,25,35,"SHOTGUN","2x1",13.2666666666667,"0-3 min","local",1,0,1,1,1,1,1,1,1,1,0,0,0,0,0,0,0,0,0,0,1,0,0,1,0,0,0,0,0,0,0,"ARI",TRUE
"468",2022091110,1,1,10,49,59,"SHOTGUN","2x2",0.75,"12-15 min","local",1,1,1,0,1,1,1,1,1,1,1,0,1,0,0,0,0,0,0,0,0,0,0,0,0,0,0,0,0,0,-14,"ARI",FALSE
"469",2022091811,5,2,2,33,77,"PISTOL","3x1",9.45,"3-6 min","visitante",1,1,1,1,1,0,0,1,1,1,1,0,0,1,0,0,0,0,0,0,1,0,0,0,0,0,0,0,0,0,0,"ARI",FALSE
"470",2022103005,4,3,1,15,25,"PISTOL","3x1",14.45,"0-3 min","visitante",1,0,1,1,0,0,0,1,1,0,0,0,0,0,0,0,0,1,0,0,0,1,0,1,0,0,1,1,0,1,-5,"rival",FALSE
"471",2022110608,3,3,4,32,78,"SHOTGUN","2x2",13.65,"0-3 min","local",0,0,1,1,1,1,0,0,1,0,0,0,0,0,0,0,0,0,0,1,0,0,0,1,0,0,1,1,1,1,-3,"ARI",TRUE
"472",2022092510,1,3,8,27,83,"SHOTGUN","3x1",9.15,"3-6 min","local",0,1,1,1,1,1,0,1,1,1,1,0,0,0,1,0,0,0,0,0,1,0,0,0,0,0,0,0,0,0,-3,"ARI",TRUE
"473",2022091110,2,2,6,31,41,"SHOTGUN","3x1",14.45,"0-3 min","local",1,1,1,0,1,1,1,1,1,1,0,1,1,0,0,0,0,0,0,0,0,0,0,0,0,0,0,0,0,0,-14,"rival",FALSE
"474",2022103005,3,2,10,30,40,"SHOTGUN","2x2",3.46666666666667,"9-12 min","visitante",1,0,1,1,0,0,0,1,1,0,0,0,0,1,0,0,0,1,0,0,0,0,0,1,0,0,1,1,0,1,-11,"ARI",TRUE
"475",2022091110,3,2,10,32,42,"SHOTGUN","2x2",0.466666666666667,"12-15 min","local",0,1,1,1,1,0,1,1,1,1,1,0,0,1,1,0,0,0,0,0,0,0,0,0,0,0,0,0,0,0,-30,"rival",TRUE
"476",2022101609,2,3,22,24,34,"SHOTGUN","2x2",1.1,"12-15 min","visitante",0,0,1,1,1,0,1,1,1,1,1,0,0,1,0,1,0,0,0,0,0,0,0,1,0,0,0,0,0,0,-3,"ARI",TRUE
"477",2022092510,4,1,10,13,23,"SHOTGUN","2x1",6.21666666666667,"6-9 min","local",0,1,1,1,1,1,0,1,1,1,1,0,0,0,0,0,0,0,1,0,1,0,0,0,0,0,0,0,0,0,-11,"ARI",TRUE
"478",2022101609,2,2,7,27,37,"SHOTGUN","3x1",12.2166666666667,"0-3 min","visitante",1,0,1,1,1,0,1,1,1,1,0,0,0,1,0,1,0,0,0,0,0,0,0,1,0,0,0,0,0,0,0,"ARI",FALSE
"479",2022110608,2,2,7,26,84,"SHOTGUN","2x2",1.73333333333333,"12-15 min","local",0,0,1,1,1,0,0,0,1,0,0,0,0,1,0,0,0,0,0,1,0,0,0,1,0,0,1,1,1,1,-3,"ARI",TRUE
"480",2022110608,4,1,10,25,35,"SHOTGUN","3x1",7.53333333333333,"6-9 min","local",0,0,1,1,1,1,0,0,1,0,0,0,0,0,0,0,0,0,0,1,0,0,0,1,0,0,1,1,1,1,-10,"ARI",FALSE
"481",2022102000,3,2,5,5,15,"SHOTGUN","2x2",0.533333333333333,"12-15 min","local",0,0,1,1,1,0,0,1,1,0,1,0,0,1,0,0,0,0,0,0,0,0,0,1,0,0,1,1,0,1,11,"rival",TRUE
"482",2022091110,4,1,10,10,100,"SHOTGUN","2x2",13.7166666666667,"0-3 min","local",1,1,1,1,1,1,1,1,1,1,1,0,0,0,0,0,0,0,0,0,0,0,0,0,0,0,0,0,0,0,-30,"rival",FALSE
"483",2022101609,2,1,10,25,35,"SHOTGUN","3x1",5.98333333333333,"9-12 min","visitante",0,0,1,1,1,0,1,1,1,1,0,0,0,1,0,1,0,0,0,0,0,0,1,1,0,0,0,0,0,0,-3,"ARI",TRUE
"484",2022100203,4,2,4,4,106,"PISTOL","3x1",10.5333333333333,"3-6 min","visitante",0,1,1,1,1,1,1,0,1,1,0,1,0,0,0,1,0,0,0,0,0,0,1,0,0,0,0,0,0,0,3,"rival",FALSE
"485",2022091811,2,1,10,35,45,"SINGLEBACK","3x1",10.2833333333333,"3-6 min","visitante",1,1,1,0,1,1,0,1,1,1,1,1,0,0,0,0,0,0,0,0,1,0,0,0,0,0,0,0,0,0,-10,"ARI",FALSE
"486",2022091811,3,2,10,39,49,"SHOTGUN","3x1",0.366666666666667,"12-15 min","visitante",1,1,1,1,1,0,0,1,1,0,1,0,0,1,0,0,0,0,1,0,1,0,0,0,0,0,0,0,0,0,-16,"ARI",TRUE
"487",2022102000,4,3,6,44,66,"SHOTGUN","2x1",2.9,"12-15 min","local",0,0,1,0,0,0,0,1,1,0,0,0,1,0,0,0,0,1,0,0,0,0,1,1,1,0,1,1,0,1,11,"rival",FALSE
"488",2022100911,3,1,20,15,25,"SHOTGUN","3x1",9.55,"3-6 min","local",1,0,1,1,1,0,1,1,1,1,0,0,0,1,0,0,0,0,0,0,1,0,1,0,0,0,0,0,0,0,-7,"ARI",TRUE
"489",2022091110,2,3,15,47,63,"SHOTGUN","3x1",1.38333333333333,"12-15 min","local",1,1,1,1,1,1,1,1,1,1,1,0,0,0,0,0,0,0,0,0,0,0,0,0,0,0,0,0,0,0,-13,"ARI",TRUE
"490",2022103005,4,1,10,13,97,"SHOTGUN","3x1",1.86666666666667,"12-15 min","visitante",0,0,1,1,0,0,0,1,1,0,1,0,0,1,0,0,0,1,0,0,0,0,0,1,0,0,1,1,0,1,-8,"ARI",TRUE
"491",2022102000,3,2,5,30,80,"SHOTGUN","3x1",14.3166666666667,"0-3 min","local",0,0,1,1,1,0,0,1,1,0,0,0,0,1,0,0,0,0,0,0,0,0,1,1,0,0,1,1,0,1,14,"ARI",TRUE
"492",2022091811,4,1,3,3,13,"SHOTGUN","3x1",0.266666666666667,"12-15 min","visitante",1,1,1,1,1,0,0,1,1,1,1,0,0,0,0,0,0,0,0,0,1,1,0,0,0,0,0,0,0,0,-8,"rival",TRUE
"493",2022103005,3,1,27,8,18,"SHOTGUN","3x1",14.1833333333333,"0-3 min","visitante",1,0,1,0,0,0,0,1,1,0,0,0,0,1,0,0,0,1,0,0,0,0,1,1,0,0,1,1,0,1,-4,"ARI",TRUE
"494",2022101609,2,4,4,20,90,"SHOTGUN","2x2",15,"0-3 min","visitante",1,0,1,1,1,0,1,1,1,1,0,0,0,1,0,1,0,0,0,0,0,0,0,1,0,0,0,0,0,0,0,"rival",TRUE
"495",2022091811,3,1,10,10,100,"WILDCAT","1x1",6.95,"6-9 min","visitante",1,1,1,0,1,0,0,1,1,0,0,0,1,1,0,0,0,0,1,0,1,1,0,0,0,0,0,0,0,0,-20,"rival",FALSE
"496",2022091110,3,3,10,37,73,"EMPTY","3x2",13.05,"0-3 min","local",1,1,1,0,1,1,1,1,1,1,0,0,0,1,1,0,0,0,0,0,0,0,0,0,0,0,0,0,0,0,-16,"ARI",TRUE
"497",2022092510,4,4,7,41,51,"SHOTGUN","3x1",3.08333333333333,"9-12 min","local",0,1,1,1,1,1,0,1,1,1,1,0,0,0,0,0,0,0,1,0,1,0,0,0,0,0,0,0,0,0,-11,"ARI",TRUE
"498",2022102000,2,3,10,18,28,"SHOTGUN","3x1",15,"0-3 min","local",0,0,1,1,1,0,0,1,1,0,0,0,0,1,0,1,0,0,0,0,0,0,0,1,0,0,1,1,1,0,-4,"rival",TRUE
"499",2022091110,4,3,3,25,85,"SHOTGUN","3x1",15,"0-3 min","local",1,1,1,1,1,1,1,1,1,1,1,0,0,0,0,0,0,0,0,0,0,0,0,0,0,0,0,0,0,0,-30,"rival",FALSE
"500",2022110608,1,2,4,24,86,"SHOTGUN","2x2",6.9,"6-9 min","local",0,0,1,1,1,1,0,1,1,0,0,0,0,0,0,0,0,0,0,0,0,0,0,1,0,0,1,1,1,1,-3,"rival",TRUE
"501",2022110608,2,3,4,46,64,"EMPTY","3x2",5.96666666666667,"9-12 min","local",0,0,1,1,1,1,0,0,1,0,0,0,0,0,0,0,0,0,0,1,0,0,0,1,0,0,1,1,1,1,-3,"ARI",TRUE
"502",2022110608,4,1,10,38,48,"SHOTGUN","2x2",6.53333333333333,"6-9 min","local",0,0,1,1,1,1,0,0,1,0,0,0,0,0,0,0,0,0,0,1,0,0,0,1,0,0,1,1,1,1,-10,"ARI",TRUE
"503",2022091110,3,2,2,33,77,"SHOTGUN","2x2",3.48333333333333,"9-12 min","local",1,1,1,1,1,1,1,1,1,1,1,0,0,0,0,0,0,0,0,0,0,0,0,0,0,0,0,0,0,0,-30,"ARI",TRUE
"504",2022110608,1,3,2,22,88,"SHOTGUN","2x2",6.41666666666667,"6-9 min","local",0,0,1,1,1,1,0,1,1,0,0,0,0,0,0,0,0,0,0,0,0,0,0,1,0,0,1,1,1,1,-3,"rival",TRUE
"505",2022103005,4,1,10,35,75,"SHOTGUN","3x1",1.28333333333333,"12-15 min","visitante",0,0,1,1,0,0,0,1,1,0,1,0,0,1,0,0,0,1,0,0,0,0,0,1,0,0,1,1,0,1,-8,"ARI",TRUE
"506",2022100203,1,2,14,20,90,"EMPTY","3x2",13.9166666666667,"0-3 min","visitante",0,1,1,1,1,1,0,1,1,1,0,0,0,0,1,0,0,0,0,0,1,0,0,1,0,0,0,0,0,0,0,"ARI",TRUE
"507",2022110608,2,1,10,43,67,"SHOTGUN","3x1",1.26666666666667,"12-15 min","local",0,0,1,1,1,0,0,0,1,0,0,0,0,1,0,0,0,0,0,1,0,0,0,1,0,0,1,1,1,1,-3,"ARI",TRUE
"508",2022092510,4,1,10,23,33,"SHOTGUN","3x1",5.11666666666667,"9-12 min","local",0,1,1,1,1,0,0,1,1,1,0,0,0,1,1,0,0,0,1,0,1,0,0,0,0,0,0,0,0,0,-11,"ARI",TRUE
"509",2022091110,2,3,5,37,47,"SHOTGUN","2x2",0.766666666666667,"12-15 min","local",1,1,1,0,1,1,1,1,1,1,1,0,0,0,1,0,0,0,0,0,0,0,0,0,0,0,0,0,0,0,-13,"rival",TRUE
"510",2022100203,4,1,10,31,79,"SINGLEBACK","3x1",9.21666666666667,"3-6 min","visitante",0,1,1,0,1,0,1,0,1,1,1,0,0,0,0,1,0,0,0,0,0,1,1,1,0,0,0,0,0,0,10,"rival",FALSE
"511",2022091110,3,1,10,25,85,"EMPTY","3x2",3.93333333333333,"9-12 min","local",1,1,1,1,1,1,1,1,1,1,1,0,0,0,0,0,0,0,0,0,0,0,0,0,0,0,0,0,0,0,-30,"ARI",TRUE
"512",2022110608,3,2,18,23,87,"SHOTGUN","3x1",10.5666666666667,"3-6 min","local",0,0,1,1,1,1,0,0,1,0,0,0,0,0,0,0,0,0,0,1,0,0,0,1,0,0,1,1,1,1,-3,"ARI",TRUE
"513",2022101609,4,1,10,17,27,"SHOTGUN","3x1",8.4,"6-9 min","visitante",1,0,1,1,1,0,1,1,1,1,0,0,0,1,0,1,0,0,0,0,0,0,0,1,0,0,0,0,0,0,-10,"ARI",TRUE
"514",2022101609,2,1,10,49,59,"SHOTGUN","3x1",5.21666666666667,"9-12 min","visitante",1,0,1,1,1,0,1,1,1,1,0,0,0,1,0,1,0,0,0,0,0,0,0,1,0,0,0,0,0,0,-3,"ARI",FALSE
"515",2022103005,1,3,7,46,56,"SHOTGUN","3x1",0.55,"12-15 min","visitante",1,0,1,1,0,0,0,1,1,0,0,0,0,0,0,0,0,1,0,0,0,1,0,1,0,0,1,1,0,1,-4,"rival",TRUE
"516",2022110608,1,3,5,22,32,"SHOTGUN","2x2",9.78333333333333,"3-6 min","local",0,0,1,0,1,1,0,1,1,0,0,0,0,0,0,0,0,0,0,0,0,0,1,1,0,0,1,1,1,1,-3,"ARI",TRUE
"517",2022091811,4,1,10,12,22,"PISTOL","3x1",1.13333333333333,"12-15 min","visitante",1,1,1,1,1,0,0,1,1,1,1,0,0,1,0,0,0,0,0,0,1,0,0,0,0,0,0,0,0,0,-8,"rival",FALSE
"518",2022092510,2,1,10,41,51,"SHOTGUN","2x1",8.43333333333333,"6-9 min","local",1,1,1,1,1,0,0,1,1,1,1,0,0,1,0,0,0,0,0,0,1,0,0,0,0,0,0,0,0,0,-13,"ARI",TRUE
"519",2022092510,2,4,2,49,59,"SHOTGUN","2x2",6.86666666666667,"6-9 min","local",1,1,1,1,1,1,0,1,1,1,1,0,0,0,0,0,0,0,0,0,1,0,0,0,0,0,0,0,0,0,-13,"ARI",TRUE
"520",2022110608,2,2,12,19,91,"SHOTGUN","2x2",10.0166666666667,"3-6 min","local",0,0,1,1,1,1,0,0,1,0,0,0,0,0,0,0,0,0,0,1,0,0,0,1,0,0,1,1,1,1,-3,"ARI",TRUE
"521",2022091811,4,3,4,6,16,"SHOTGUN","3x1",0.566666666666667,"12-15 min","visitante",1,1,1,1,1,0,0,1,1,1,1,0,0,0,0,0,0,0,0,0,1,1,0,0,0,0,0,0,0,0,-8,"rival",TRUE
"522",2022091110,4,3,5,41,51,"SHOTGUN","3x1",0.733333333333333,"12-15 min","local",0,0,0,0,1,0,1,0,0,1,1,0,0,1,1,1,1,1,1,1,0,0,0,0,0,0,0,0,0,0,-23,"ARI",TRUE
"523",2022091110,4,2,10,11,99,"SHOTGUN","3x1",5.81666666666667,"9-12 min","local",0,1,1,1,1,1,1,1,1,1,1,0,0,0,1,0,0,0,0,0,0,0,0,0,0,0,0,0,0,0,-29,"rival",FALSE
"524",2022091811,3,3,6,26,84,"EMPTY","3x2",7.61666666666667,"6-9 min","visitante",1,1,1,1,1,0,0,1,1,1,1,0,0,0,0,0,0,0,0,0,1,1,0,0,0,0,0,0,0,0,-20,"rival",TRUE
"525",2022100911,2,1,10,22,88,"SHOTGUN","3x1",2.5,"12-15 min","local",1,0,1,1,1,1,1,1,1,1,0,0,0,0,0,0,0,0,0,0,1,0,0,1,0,0,0,0,0,0,-7,"ARI",TRUE
"526",2022092510,2,3,10,27,83,"EMPTY","3x2",5.08333333333333,"9-12 min","local",1,1,1,1,1,1,0,1,1,1,1,0,0,0,0,0,0,0,0,0,1,0,0,0,0,0,0,0,0,0,-13,"rival",TRUE
"527",2022100203,3,1,10,45,65,"SINGLEBACK","2x2",10.7,"3-6 min","visitante",0,1,1,1,1,0,0,1,1,1,1,0,0,1,0,1,0,0,0,0,0,0,0,1,0,0,0,0,0,0,-7,"ARI",FALSE
"528",2022091811,1,3,1,34,76,"SHOTGUN","2x2",4.06666666666667,"9-12 min","visitante",1,1,1,1,1,1,0,1,1,1,1,0,0,0,0,0,0,0,0,0,1,0,0,0,0,0,0,0,0,0,-7,"ARI",FALSE
"529",2022100203,1,3,6,38,72,"SHOTGUN","2x1",5.21666666666667,"9-12 min","visitante",0,1,1,1,1,1,0,1,1,1,0,0,0,0,0,0,0,0,0,0,1,1,0,1,0,0,0,0,0,0,0,"ARI",TRUE
"530",2022091110,3,1,10,26,84,"SHOTGUN","2x2",14.8833333333333,"0-3 min","local",1,1,1,0,1,1,1,1,1,1,1,1,0,0,0,0,0,0,0,0,0,0,0,0,0,0,0,0,0,0,-16,"ARI",FALSE
"531",2022100203,2,2,7,19,29,"SHOTGUN","3x1",14.2,"0-3 min","visitante",0,1,1,1,1,1,0,1,1,1,0,0,0,0,1,1,0,0,0,0,0,0,0,1,0,0,0,0,0,0,0,"ARI",TRUE
"532",2022091811,2,2,4,37,47,"SHOTGUN","3x1",5.65,"9-12 min","visitante",1,1,1,1,1,0,0,1,1,1,1,0,0,1,0,0,0,0,0,0,1,0,0,0,0,0,0,0,0,0,-17,"ARI",FALSE
"533",2022100203,2,1,10,35,45,"PISTOL","2x2",6.88333333333333,"6-9 min","visitante",0,1,1,1,1,1,0,1,1,1,0,1,0,0,0,1,0,0,0,0,0,0,0,1,0,0,0,0,0,0,-7,"ARI",TRUE
"534",2022100911,1,2,5,17,27,"SHOTGUN","2x2",5.66666666666667,"9-12 min","local",1,0,1,1,1,0,1,1,1,1,0,0,0,1,0,0,0,0,0,0,1,0,0,1,0,0,0,0,0,0,-7,"ARI",TRUE
"535",2022103005,4,1,10,34,76,"SHOTGUN","2x2",3.63333333333333,"9-12 min","visitante",0,0,1,1,0,0,0,1,1,0,1,0,0,1,0,0,0,1,0,0,0,0,0,1,0,0,1,1,0,1,-8,"ARI",TRUE
"536",2022091110,2,2,15,47,63,"PISTOL","2x1",1.46666666666667,"12-15 min","local",1,1,1,1,1,1,1,1,1,1,1,0,0,0,0,0,0,0,0,0,0,0,0,0,0,0,0,0,0,0,-13,"ARI",TRUE
"537",2022110608,3,1,10,30,80,"EMPTY","4x1",2.71666666666667,"12-15 min","local",0,0,1,1,1,0,0,0,1,0,0,0,0,1,0,0,0,0,0,1,0,0,0,1,0,0,1,1,1,1,-3,"ARI",FALSE
"538",2022103005,3,1,10,48,58,"SHOTGUN","2x1",11.25,"3-6 min","visitante",1,0,1,0,0,0,0,1,1,0,0,0,0,0,0,0,0,1,0,0,0,1,1,1,0,0,1,1,0,1,-4,"ARI",FALSE
"539",2022103005,2,3,2,6,104,"SHOTGUN","2x2",0.833333333333333,"12-15 min","visitante",1,0,1,1,0,0,0,1,1,0,0,0,0,1,0,0,0,1,0,0,0,0,0,1,0,0,1,1,0,1,-11,"rival",TRUE
"540",2022100911,2,2,10,22,88,"SHOTGUN","2x2",2.41666666666667,"12-15 min","local",1,0,1,1,1,1,1,1,1,0,0,0,0,0,0,0,0,0,1,0,1,0,0,1,0,0,0,0,0,0,-7,"ARI",TRUE
"541",2022101609,3,2,11,50,60,"SHOTGUN","3x1",12.0333333333333,"0-3 min","visitante",0,0,1,1,1,0,1,1,1,1,0,0,0,1,0,1,0,0,0,0,0,0,1,1,0,0,0,0,0,0,-6,"centro",TRUE
"542",2022100911,4,1,10,11,21,"SHOTGUN","2x2",9.78333333333333,"3-6 min","local",1,0,1,1,1,0,1,1,1,1,0,0,0,1,0,0,0,0,0,0,1,0,0,1,0,0,0,0,0,0,-7,"rival",FALSE
"543",2022101609,1,3,6,29,39,"EMPTY","3x2",12.4333333333333,"0-3 min","visitante",1,0,1,1,1,0,1,1,1,1,0,0,0,1,0,0,0,0,0,0,1,0,0,1,0,0,0,0,0,0,0,"rival",TRUE
"544",2022100911,1,3,6,40,50,"SHOTGUN","3x1",4.31666666666667,"9-12 min","local",1,0,1,1,1,1,1,1,1,1,0,0,0,0,0,0,0,0,0,0,1,0,0,1,0,0,0,0,0,0,-7,"ARI",TRUE
"545",2022102000,3,1,10,25,85,"SHOTGUN","3x1",14.9166666666667,"0-3 min","local",0,0,1,1,1,0,0,1,1,0,1,0,0,1,0,0,0,0,0,0,0,0,0,1,0,0,1,1,0,1,14,"ARI",TRUE
"546",2022100203,1,3,5,14,24,"EMPTY","3x2",8.2,"6-9 min","visitante",0,1,1,1,1,1,0,1,1,1,1,0,0,0,0,0,0,0,0,0,1,0,0,1,0,0,0,0,0,0,0,"rival",TRUE
"547",2022100203,4,2,9,30,80,"SHOTGUN","2x2",8.46666666666667,"6-9 min","visitante",0,1,1,1,1,0,1,0,1,0,0,0,0,0,1,1,0,0,1,0,0,1,1,0,0,0,0,0,0,0,10,"rival",TRUE
"548",2022100911,1,1,10,27,37,"PISTOL","1x1",13.8333333333333,"0-3 min","local",1,0,1,0,1,1,1,1,1,1,0,0,0,0,0,0,0,0,0,0,1,0,1,1,0,0,0,0,0,0,0,"ARI",FALSE
"549",2022092510,4,2,8,40,50,"SHOTGUN","2x2",3.85,"9-12 min","local",0,1,1,1,1,0,0,1,1,1,1,0,0,1,1,0,0,0,0,0,1,0,0,0,0,0,0,0,0,0,-11,"ARI",TRUE
"550",2022110608,1,2,5,22,32,"EMPTY","4x1",10.4,"3-6 min","local",0,0,1,1,1,1,0,1,1,0,0,0,0,0,0,0,0,0,0,0,0,0,0,1,0,0,1,1,1,1,-3,"ARI",FALSE
"551",2022102000,3,2,15,22,88,"EMPTY","3x2",5.56666666666667,"9-12 min","local",0,0,1,0,1,0,0,1,1,0,1,0,0,1,0,0,0,0,0,0,0,0,0,1,0,0,1,1,1,1,11,"ARI",TRUE
"552",2022091110,2,3,4,31,79,"SHOTGUN","3x1",6.3,"6-9 min","local",1,1,1,0,1,1,1,1,1,1,1,0,0,0,1,0,0,0,0,0,0,0,0,0,0,0,0,0,0,0,-13,"ARI",TRUE
"553",2022091110,3,1,10,48,62,"SHOTGUN","2x2",1.91666666666667,"12-15 min","local",0,1,1,1,1,0,1,1,1,1,1,0,0,1,1,0,0,0,0,0,0,0,0,0,0,0,0,0,0,0,-30,"ARI",TRUE
"554",2022091811,4,1,10,50,60,"PISTOL","3x1",15,"0-3 min","visitante",1,1,1,1,1,0,0,1,1,1,0,0,1,0,0,0,0,0,0,0,1,1,0,0,0,0,0,0,0,0,-16,"centro",FALSE
"555",2022091811,2,2,9,45,55,"SHOTGUN","3x1",3.7,"9-12 min","visitante",1,1,1,1,1,1,0,1,1,1,1,0,0,0,0,0,0,0,0,0,1,0,0,0,0,0,0,0,0,0,-17,"ARI",TRUE
"556",2022102000,3,2,9,26,84,"SHOTGUN","3x1",9.05,"3-6 min","local",0,0,1,1,1,0,0,1,1,0,1,0,0,1,0,0,0,0,0,0,0,0,0,1,0,0,1,1,0,1,11,"ARI",TRUE
"557",2022102000,3,1,10,12,22,"SHOTGUN","2x2",1.6,"12-15 min","local",0,0,1,1,1,0,0,1,1,0,1,0,0,0,0,0,0,0,0,0,0,0,0,1,1,0,1,1,0,1,11,"rival",FALSE
"558",2022100911,2,2,12,46,56,"SHOTGUN","3x1",6.81666666666667,"6-9 min","local",1,0,1,1,1,1,1,1,1,1,0,0,0,0,0,0,0,0,0,0,1,0,1,0,0,0,0,0,0,0,-14,"rival",TRUE
"559",2022092510,4,2,10,45,65,"SHOTGUN","3x1",2.36666666666667,"12-15 min","local",0,1,1,1,1,1,0,1,1,1,1,0,0,0,1,0,0,0,0,0,1,0,0,0,0,0,0,0,0,0,-11,"rival",TRUE
"560",2022101609,1,3,4,25,85,"SHOTGUN","3x1",13.75,"0-3 min","visitante",1,0,1,1,1,0,1,1,1,1,0,0,0,1,0,0,0,0,0,0,1,0,0,1,0,0,0,0,0,0,0,"ARI",FALSE
"561",2022092510,4,3,4,26,84,"EMPTY","3x2",11.6333333333333,"3-6 min","local",0,1,1,1,1,0,0,1,1,1,1,0,0,1,0,0,0,0,1,0,1,0,0,0,0,0,0,0,0,0,-11,"rival",TRUE
"562",2022101609,4,3,11,44,54,"SHOTGUN","2x2",4.06666666666667,"9-12 min","visitante",0,0,1,1,1,0,1,1,1,1,0,0,0,1,0,1,0,0,0,0,0,0,0,1,0,1,0,0,0,0,-10,"ARI",TRUE
"563",2022101609,1,3,6,29,81,"SHOTGUN","3x1",5.48333333333333,"9-12 min","visitante",1,0,1,1,1,0,1,1,1,1,0,0,0,1,0,0,0,0,0,0,1,0,0,1,0,0,0,0,0,0,0,"ARI",TRUE
"564",2022091110,3,2,9,27,83,"EMPTY","3x2",14.3166666666667,"0-3 min","local",1,1,1,1,1,1,1,1,1,1,1,0,0,0,0,0,0,0,0,0,0,0,0,0,0,0,0,0,0,0,-16,"ARI",TRUE
"565",2022103005,3,2,8,50,60,"SHOTGUN","2x1",10.6666666666667,"3-6 min","visitante",1,0,1,1,0,0,0,1,1,0,0,0,0,0,0,0,0,1,0,0,0,1,0,1,0,0,1,1,0,1,-4,"centro",TRUE
"566",2022091110,2,4,2,34,44,"SHOTGUN","2x1",0.666666666666667,"12-15 min","local",1,1,1,1,1,1,1,1,1,0,1,1,0,0,0,0,0,0,0,0,0,0,0,0,0,0,0,0,0,0,-13,"rival",TRUE
"567",2022101609,4,2,5,43,53,"SHOTGUN","2x2",11.9833333333333,"3-6 min","visitante",0,0,1,1,1,0,1,1,1,1,0,0,0,1,0,1,0,0,0,0,0,0,0,1,0,1,0,0,0,0,-10,"ARI",TRUE
"568",2022101609,1,1,10,48,58,"SHOTGUN","3x1",3.8,"9-12 min","visitante",1,0,1,1,1,0,1,1,1,1,0,0,0,1,0,0,0,0,0,0,1,0,0,1,0,0,0,0,0,0,0,"rival",FALSE
"569",2022103005,2,3,18,43,53,"SHOTGUN","3x1",6.45,"6-9 min","visitante",0,0,1,1,0,0,0,1,1,0,1,0,0,1,0,0,0,1,0,0,0,0,0,1,0,0,1,1,0,1,-11,"ARI",TRUE
